employee_id,age,department,job_level,monthly_income,years_at_company,years_since_last_promotion,distance_from_home_km,overtime,job_satisfaction,work_life_balance,environment_satisfaction,performance_rating,training_times_last_year,attrition
E11453,32,Marketing,1,2613.0,10,8,16.9,No,3.0,2,2,3,2,Yes
E10316,32,Sales,3,5179.0,18,7,2.4,No,1.0,1,4,3,5,Yes
E10487,49,R&D,5,12528.0,11,10,,No,4.0,4,3,3,1,No
E10929,27,Sales,2,3973.0,15,7,3.2,No,1.0,3,3,3,4,No
E10925,58,Sales,1,2453.0,5,5,42.0,No,3.0,4,1,4,5,No
E10983,45,Marketing,2,4998.0,19,10,8.4,Yes,4.0,4,2,3,3,Yes
E10438,37,R&D,3,5692.0,19,8,7.7,No,1.0,4,1,3,5,No
E10223,34,R&D,4,8290.0,14,2,18.8,Yes,1.0,1,4,3,1,No
E10741,58,R&D,1,3049.0,13,12,18.5,No,1.0,1,3,3,1,No
E10953,35,R&D,2,4674.0,11,10,11.2,No,3.0,1,4,3,5,Yes
E10976,39,HR,1,2724.0,7,5,1.9,No,1.0,3,1,4,4,No
E11448,28,Operations,1,2559.0,14,1,6.7,No,3.0,1,1,3,0,No
E10492,46,Sales,4,7536.0,18,7,9.3,Yes,3.0,4,3,3,2,No
E11128,25,R&D,2,4151.0,10,4,2.1,Yes,3.0,1,3,3,5,Yes
E10260,25,R&D,1,2558.0,7,5,8.6,No,3.0,4,4,3,1,No
E11244,47,R&D,4,7900.0,16,7,9.7,Yes,2.0,4,3,3,0,No
E10309,44,HR,3,7097.0,13,5,13.4,No,2.0,4,1,3,2,Yes
E11404,32,Sales,1,2459.0,5,2,9.1,Yes,1.0,1,3,3,5,Yes
E10409,37,Marketing,3,7103.0,11,2,9.4,No,1.0,4,3,3,0,No
E10230,29,Operations,2,4367.0,5,3,5.4,Yes,1.0,2,1,3,3,No
E10761,56,Sales,2,4323.0,15,4,8.3,Yes,,4,1,3,5,No
E11364,43,R&D,1,2935.0,2,1,8.9,No,3.0,1,4,3,1,No
E10575,25,Operations,2,4549.0,17,15,29.2,No,3.0,3,2,3,4,No
E11289,27,R&D,2,3897.0,14,13,7.4,No,3.0,4,3,3,3,No
E11216,21,Sales,1,2482.0,19,7,20.1,No,4.0,1,2,4,0,No
E10527,25,Sales,2,4989.0,6,4,19.5,No,2.0,4,2,3,1,Yes
E11476,54,Operations,1,3002.0,15,1,,No,3.0,4,3,3,5,No
E10265,24,R&D,3,5260.0,13,1,3.2,No,2.0,2,2,3,4,No
E10385,42,Finance,1,3107.0,7,4,6.5,No,1.0,3,3,3,5,No
E10394,37,R&D,1,3293.0,10,4,1.9,Yes,4.0,3,2,3,2,No
E11259,41,Operations,2,4492.0,14,0,2.9,No,1.0,4,1,3,5,Yes
E10031,51,R&D,2,4315.0,16,5,8.6,No,1.0,2,1,3,2,No
E10087,39,Operations,1,2478.0,18,9,11.4,No,2.0,3,4,3,5,No
E10336,28,Marketing,2,3629.0,18,7,2.9,No,2.0,3,2,3,0,No
E11427,52,R&D,2,4552.0,5,2,7.8,No,4.0,1,3,3,0,No
E11164,49,Marketing,5,14065.0,14,0,1.8,No,1.0,1,2,3,4,No
E10358,35,Finance,3,7023.0,11,1,8.6,No,2.0,3,3,3,5,No
E10375,42,Sales,3,5425.0,13,7,7.5,No,3.0,1,2,3,4,No
E10132,57,Finance,1,2739.0,4,0,2.2,No,2.0,1,3,3,1,Yes
E10967,43,Sales,3,6408.0,18,16,3.0,No,4.0,2,2,3,1,Yes
E10777,51,R&D,3,6880.0,9,2,8.2,No,3.0,4,1,3,0,No
E10805,36,R&D,2,4462.0,13,5,10.0,Yes,4.0,2,1,3,1,No
E11117,30,Operations,3,5711.0,17,13,6.3,No,3.0,3,2,4,4,No
E11474,38,Marketing,3,5391.0,9,0,9.6,No,1.0,3,3,3,0,Yes
E11096,47,R&D,3,5304.0,15,6,15.4,Yes,1.0,2,1,3,2,No
E10738,58,HR,1,2642.0,4,3,5.3,No,2.0,2,2,3,1,No
E11198,39,Sales,4,9935.0,6,2,2.4,No,3.0,4,2,3,2,No
E10862,31,R&D,4,7561.0,10,7,1.6,No,2.0,3,2,4,0,No
E11443,35,R&D,3,5184.0,4,3,18.5,No,3.0,4,2,3,2,No
E10631,51,Sales,2,4275.0,11,6,2.4,No,1.0,1,2,4,2,No
E11179,21,Finance,2,4162.0,10,4,8.1,No,1.0,4,3,3,4,No
E10041,59,Marketing,1,3115.0,16,16,7.3,Yes,4.0,4,2,3,2,No
E11190,46,Marketing,2,5009.0,4,0,1.5,No,3.0,1,4,4,0,No
E10932,35,Operations,1,2862.0,14,2,10.9,No,2.0,2,3,3,0,No
E11433,55,R&D,2,3958.0,15,9,12.2,No,3.0,4,2,3,1,No
E10780,49,Operations,1,3006.0,7,4,2.7,No,2.0,1,2,4,2,No
E10989,29,Sales,1,2878.0,3,2,2.4,No,1.0,1,1,4,4,Yes
E10513,26,Marketing,1,3261.0,1,1,3.7,No,2.0,4,1,3,3,Yes
E11121,49,Sales,3,6120.0,10,5,1.2,Yes,1.0,3,2,3,2,Yes
E11118,57,Sales,4,8409.0,17,6,4.7,No,4.0,2,3,3,4,No
E10058,58,R&D,1,3060.0,5,5,6.0,Yes,4.0,3,3,3,3,No
E11484,48,Marketing,1,2522.0,12,1,2.0,Yes,1.0,2,3,3,5,Yes
E10810,34,Operations,3,6029.0,6,0,1.5,No,1.0,2,2,3,4,No
E11293,54,Sales,2,3957.0,9,7,2.5,No,1.0,3,1,4,3,No
E10401,35,Sales,2,4681.0,5,0,1.3,No,1.0,1,4,3,2,No
E10289,49,Finance,3,6892.0,10,4,3.7,Yes,1.0,3,4,3,0,No
E10735,21,Marketing,3,6450.0,16,8,8.9,No,3.0,1,2,3,4,Yes
E10222,55,Operations,2,4534.0,9,2,3.1,Yes,2.0,4,2,3,2,Yes
E10966,43,Finance,2,3749.0,8,2,17.8,No,3.0,1,1,3,0,No
E10759,29,Finance,1,2994.0,19,12,18.9,Yes,1.0,1,4,3,0,No
E10584,44,Sales,1,2617.0,7,5,3.7,No,1.0,2,1,3,0,No
E10836,43,Finance,3,5588.0,19,13,3.0,No,3.0,2,2,3,0,No
E11461,52,R&D,2,4774.0,8,8,33.8,No,3.0,2,2,3,3,Yes
E10473,27,Sales,2,4274.0,17,6,5.8,No,3.0,2,1,3,2,Yes
E11450,29,R&D,1,2891.0,13,8,15.6,No,3.0,4,1,3,0,No
E11469,50,R&D,5,11120.0,12,4,2.8,Yes,4.0,2,2,3,1,No
E11169,23,Marketing,3,5141.0,8,4,7.5,Yes,3.0,1,1,3,1,No
E10188,24,R&D,1,2950.0,2,1,3.3,Yes,4.0,2,4,4,1,No
E10072,54,R&D,4,9323.0,10,0,11.6,No,1.0,4,4,4,1,No
E10162,36,R&D,4,7613.0,13,1,19.2,No,2.0,1,2,3,0,No
E10848,52,Marketing,2,3574.0,7,1,3.0,No,2.0,1,4,3,0,No
E10908,51,Marketing,3,5481.0,11,5,3.5,No,2.0,2,1,3,4,No
E10588,34,Finance,1,2693.0,5,1,8.4,Yes,4.0,2,1,3,4,Yes
E10353,56,Marketing,1,2838.0,17,14,3.4,No,1.0,1,1,4,2,Yes
E11208,45,R&D,3,5827.0,5,1,2.3,No,2.0,2,1,3,5,No
E11260,47,Sales,2,3986.0,3,0,1.7,No,3.0,2,3,3,5,No
E10158,30,Operations,2,4355.0,19,3,13.7,No,1.0,1,2,4,5,No
E11069,24,R&D,1,2908.0,12,4,7.5,No,4.0,3,4,4,4,No
E11361,35,HR,1,3172.0,19,5,25.3,No,1.0,3,4,3,3,No
E11184,41,HR,3,6463.0,16,13,10.4,Yes,2.0,4,2,4,1,No
E10468,38,Operations,2,3843.0,13,1,6.3,Yes,1.0,1,2,4,4,No
E11125,58,Finance,2,3701.0,1,0,3.1,Yes,1.0,1,3,4,1,No
E11319,41,Marketing,2,3948.0,12,11,34.2,Yes,2.0,1,1,3,0,Yes
E10139,22,R&D,3,5430.0,6,0,6.2,No,1.0,3,3,3,0,No
E10664,53,R&D,5,11396.0,13,6,2.2,No,3.0,1,2,3,2,Yes
E11478,22,Finance,2,3826.0,4,4,7.4,No,1.0,1,4,3,1,Yes
E10574,38,HR,2,3848.0,2,0,4.5,No,2.0,3,1,3,0,No
E11482,53,Marketing,4,8576.0,3,0,8.9,No,3.0,1,3,4,3,No
E10495,38,Marketing,2,3637.0,0,0,1.8,No,3.0,3,2,3,5,No
E10034,38,R&D,1,2770.0,14,6,4.1,No,2.0,2,4,3,3,Yes
E10486,51,R&D,1,3076.0,5,5,2.1,No,2.0,1,4,3,0,No
E10736,30,Operations,1,3151.0,0,0,6.8,Yes,3.0,3,2,3,1,No
E10406,21,Marketing,4,9836.0,17,17,2.0,No,1.0,2,3,3,1,No
E10431,21,Sales,3,5688.0,12,1,32.8,No,1.0,2,1,3,1,Yes
E11378,45,R&D,5,11296.0,1,1,21.5,No,4.0,1,2,3,1,No
E10512,21,Operations,4,7658.0,10,9,3.3,No,3.0,2,4,3,2,No
E10508,57,Sales,2,4652.0,15,3,2.6,No,1.0,1,2,3,4,Yes
E10708,26,Finance,2,4369.0,14,9,2.7,Yes,2.0,4,2,3,5,No
E10877,31,Sales,2,4641.0,9,4,2.4,No,2.0,4,1,4,5,No
E11388,28,HR,1,3065.0,6,5,6.2,Yes,2.0,3,3,3,3,Yes
E10524,38,Sales,1,3338.0,9,0,13.0,Yes,3.0,4,2,3,4,No
E10576,54,Operations,2,4351.0,6,3,1.4,No,4.0,3,3,3,2,Yes
E10374,48,R&D,4,7509.0,11,7,4.7,Yes,4.0,3,3,3,2,No
E11311,57,Sales,3,7153.0,15,3,1.8,No,4.0,1,1,3,3,No
E10964,41,Sales,1,3338.0,3,1,20.0,No,2.0,1,3,3,3,No
E10102,52,Marketing,5,11683.0,7,4,20.7,No,,2,1,3,4,No
E10979,23,Sales,2,4004.0,3,0,18.2,Yes,4.0,4,1,3,3,No
E10509,50,Finance,1,2723.0,0,0,2.9,No,3.0,1,1,3,3,Yes
E11175,51,Marketing,3,5492.0,2,1,17.0,Yes,4.0,2,1,4,0,Yes
E10640,28,R&D,2,4171.0,15,3,12.5,No,4.0,2,4,3,4,No
E10737,52,Marketing,3,5684.0,4,2,17.6,No,1.0,2,4,3,1,No
E10521,52,R&D,1,3284.0,10,6,7.6,Yes,2.0,4,4,3,1,No
E11481,25,Finance,1,2941.0,1,1,13.2,Yes,4.0,3,2,4,1,Yes
E10790,22,Sales,5,12520.0,5,3,15.3,No,2.0,3,1,4,2,No
E10303,36,Operations,2,4265.0,10,3,7.3,Yes,4.0,4,3,3,1,Yes
E10113,33,Finance,2,3908.0,15,10,8.2,No,1.0,1,2,3,5,No
E10065,24,R&D,1,2581.0,3,2,7.6,Yes,2.0,1,4,3,2,Yes
E11300,21,Finance,1,3262.0,4,0,10.0,No,4.0,4,4,3,4,No
E10169,38,Sales,1,2894.0,11,6,11.1,Yes,,1,4,4,5,No
E10827,52,Marketing,1,2900.0,19,6,8.9,No,4.0,2,2,3,0,Yes
E11334,58,Sales,2,4776.0,15,13,2.6,No,1.0,4,3,3,3,No
E10534,31,Finance,1,3284.0,0,0,6.4,No,3.0,2,1,3,4,Yes
E10013,23,R&D,3,5181.0,7,1,1.8,Yes,1.0,3,1,3,0,Yes
E10317,34,Marketing,1,3139.0,8,2,15.3,No,1.0,4,3,3,2,No
E10535,44,Sales,5,10964.0,7,0,1.1,No,3.0,2,1,3,4,No
E10753,25,R&D,2,4980.0,8,1,4.2,Yes,2.0,1,3,3,2,No
E10026,59,Marketing,1,2879.0,8,4,9.9,No,1.0,1,1,4,3,Yes
E10667,22,HR,3,7098.0,18,2,2.2,No,4.0,3,1,3,4,No
E10088,34,R&D,1,3137.0,4,0,15.5,No,1.0,1,3,3,1,No
E10233,40,Sales,1,2584.0,16,0,17.6,Yes,2.0,1,3,3,5,Yes
E10405,45,Operations,4,7915.0,10,7,5.8,No,1.0,4,1,3,4,Yes
E11495,53,R&D,1,3246.0,15,12,4.0,No,2.0,2,4,3,0,No
E10467,49,Sales,4,8457.0,14,5,10.2,No,3.0,4,4,3,0,No
E10147,21,Sales,1,3051.0,13,5,2.9,No,4.0,2,3,3,2,Yes
E11200,47,Sales,2,4587.0,14,14,8.7,Yes,3.0,1,4,3,0,No
E10133,23,Marketing,3,6380.0,17,9,9.9,No,1.0,4,4,4,5,No
E10905,45,Operations,2,4121.0,2,2,3.3,Yes,1.0,2,3,3,1,No
E10557,27,Marketing,3,6128.0,18,9,10.1,No,3.0,3,4,3,1,Yes
E10437,59,HR,3,5340.0,18,2,9.7,No,4.0,4,3,3,1,No
E10144,47,Sales,2,3849.0,12,8,21.7,No,3.0,4,1,4,1,No
E11227,24,Operations,1,2402.0,12,9,2.9,Yes,3.0,4,1,3,1,No
E10376,25,Operations,3,6156.0,11,7,4.9,No,3.0,3,2,4,0,No
E11367,29,Operations,3,6008.0,7,3,6.3,Yes,1.0,2,2,3,0,Yes
E11273,59,Sales,4,9893.0,18,16,3.0,No,2.0,3,2,3,1,No
E10982,41,Operations,3,6166.0,7,1,9.3,No,1.0,4,3,4,2,No
E11104,47,HR,2,3981.0,6,3,10.6,Yes,2.0,4,2,3,4,Yes
E10891,27,Marketing,2,4251.0,6,3,15.1,Yes,1.0,4,2,3,0,No
E10919,52,Operations,1,2393.0,14,12,5.8,Yes,4.0,1,1,3,4,Yes
E10005,44,R&D,3,5974.0,7,2,18.1,No,2.0,2,1,3,3,No
E10659,21,Sales,5,13753.0,8,4,2.2,No,4.0,3,2,3,5,No
E10676,50,Finance,1,3082.0,5,5,1.1,No,4.0,4,3,3,2,No
E11133,42,Sales,2,3620.0,0,0,5.5,Yes,1.0,2,1,3,5,Yes
E11027,41,R&D,2,4229.0,5,4,13.1,No,2.0,2,1,3,2,No
E10186,32,Sales,3,5685.0,12,8,12.0,Yes,4.0,4,1,4,5,No
E11347,54,Operations,1,3135.0,1,0,1.9,No,1.0,4,2,3,2,No
E10971,33,Finance,5,13446.0,18,8,10.6,No,1.0,1,2,3,0,No
E10984,28,Sales,1,2927.0,17,11,9.8,No,4.0,2,1,3,3,Yes
E11315,48,R&D,3,5278.0,16,8,3.5,Yes,2.0,3,2,3,5,Yes
E11414,27,Operations,3,5205.0,3,2,8.3,Yes,2.0,4,4,4,1,No
E10366,28,Finance,3,6852.0,17,1,3.6,No,1.0,2,2,3,2,No
E10315,45,Sales,1,2665.0,14,11,7.3,No,2.0,1,2,3,3,Yes
E10433,23,Operations,1,2751.0,19,8,3.5,Yes,2.0,1,3,3,4,Yes
E11415,56,R&D,2,4691.0,9,9,5.8,Yes,3.0,2,4,4,2,No
E11272,31,HR,3,5326.0,12,12,7.7,Yes,3.0,4,4,3,2,No
E11384,43,Sales,1,3087.0,7,3,5.0,Yes,1.0,4,2,3,0,No
E10333,31,R&D,2,4252.0,13,12,30.8,No,3.0,1,2,3,4,Yes
E10276,49,Finance,2,4728.0,10,6,5.2,No,2.0,3,1,3,1,No
E10728,21,R&D,1,3290.0,10,8,18.3,No,4.0,1,2,3,1,Yes
E10110,23,R&D,5,13425.0,6,5,3.9,No,3.0,3,1,3,0,Yes
E10936,25,Sales,2,4264.0,10,9,1.3,No,4.0,3,1,3,4,No
E10830,38,Operations,2,4598.0,3,3,13.8,Yes,1.0,4,4,3,4,No
E10893,57,HR,5,11316.0,10,2,6.5,Yes,1.0,3,1,3,1,No
E10126,37,Sales,1,2880.0,18,6,3.0,No,2.0,2,1,3,3,No
E10435,38,Sales,1,3311.0,7,7,5.1,Yes,1.0,2,4,3,2,No
E10427,54,R&D,1,2436.0,13,11,12.5,No,2.0,4,1,3,3,No
E10163,59,Sales,1,2756.0,13,6,6.2,Yes,2.0,1,1,3,0,No
E11383,53,Sales,1,2817.0,15,1,8.1,Yes,4.0,2,3,3,5,Yes
E11131,59,Marketing,1,2911.0,14,13,20.6,No,3.0,1,1,3,4,No
E10570,23,Finance,1,2995.0,16,11,11.3,Yes,2.0,4,4,3,2,Yes
E10293,50,Finance,1,2966.0,17,5,2.1,No,3.0,3,4,4,5,No
E11087,39,Sales,4,10142.0,8,8,8.5,No,3.0,1,4,4,3,No
E10254,24,R&D,5,10699.0,14,0,19.9,Yes,1.0,4,3,4,3,Yes
E11139,36,Marketing,3,5576.0,8,5,4.9,Yes,2.0,4,2,3,0,No
E10047,39,Sales,2,4731.0,16,1,18.7,No,3.0,1,1,3,0,No
E10965,33,Operations,1,2997.0,13,13,7.1,Yes,4.0,4,2,3,1,No
E10280,40,Sales,3,5357.0,10,4,5.0,No,3.0,3,3,3,0,Yes
E10070,30,HR,3,6632.0,1,0,11.2,No,3.0,4,1,3,0,No
E11158,23,R&D,3,5650.0,13,13,11.1,No,1.0,2,1,3,1,No
E10849,42,Marketing,4,9831.0,4,4,2.2,Yes,2.0,1,1,3,2,No
E11256,52,R&D,4,8362.0,18,3,2.7,No,3.0,3,1,3,0,No
E10516,54,R&D,1,2513.0,2,1,14.0,Yes,4.0,3,2,3,5,No
E11186,27,Operations,1,3061.0,16,12,20.2,No,3.0,3,2,4,2,Yes
E11382,31,R&D,1,2496.0,8,8,8.7,No,2.0,2,3,3,3,Yes
E11075,58,R&D,3,5409.0,13,8,20.1,Yes,2.0,2,4,3,5,Yes
E10075,28,Sales,1,2758.0,13,2,1.6,Yes,,4,3,3,4,No
E10479,23,Marketing,3,5480.0,18,16,5.2,No,2.0,1,1,3,1,Yes
E10496,58,R&D,3,6201.0,8,3,29.0,No,4.0,4,4,3,2,No
E10342,50,Marketing,1,3357.0,4,3,4.4,No,3.0,1,4,3,3,No
E10092,50,Sales,1,2624.0,8,5,3.6,No,2.0,3,2,3,3,No
E11079,33,Finance,5,11826.0,11,3,3.6,No,4.0,3,1,3,2,No
E10637,44,Sales,1,2762.0,4,0,19.3,Yes,1.0,4,2,3,1,No
E10071,26,Sales,2,4075.0,7,3,5.2,No,2.0,4,1,3,3,No
E10273,48,Operations,3,5242.0,10,1,4.8,No,2.0,2,4,3,2,Yes
E10413,26,Operations,2,3882.0,9,9,17.1,No,4.0,3,2,3,5,Yes
E11119,28,Sales,3,5558.0,2,2,6.4,Yes,2.0,2,2,3,1,Yes
E10704,23,R&D,5,11402.0,15,0,12.2,No,4.0,2,4,3,2,No
E10362,40,Sales,1,3065.0,18,14,4.2,No,2.0,3,4,3,0,Yes
E11324,50,Operations,3,6900.0,13,12,8.0,No,4.0,2,2,3,1,No
E11398,46,Operations,2,4291.0,12,3,1.6,No,3.0,3,1,3,0,No
E10960,40,Operations,3,6390.0,2,0,36.9,Yes,3.0,1,4,4,3,No
E10957,24,Finance,1,2469.0,17,6,4.3,No,3.0,3,1,3,1,Yes
E10902,42,Finance,2,4088.0,15,3,29.7,No,2.0,3,3,3,5,Yes
E10204,39,Finance,1,3057.0,7,7,8.5,Yes,3.0,3,2,4,2,Yes
E10253,34,HR,1,2701.0,16,6,9.0,No,4.0,4,1,3,0,No
E10888,33,Finance,3,6837.0,8,7,19.9,Yes,4.0,4,1,3,3,No
E10772,33,R&D,4,8067.0,19,18,8.6,Yes,3.0,4,2,3,3,Yes
E11220,43,Marketing,3,5496.0,18,18,7.1,No,,3,2,3,0,No
E11163,49,R&D,3,6762.0,14,13,10.1,No,4.0,2,4,3,1,No
E10325,37,R&D,1,3341.0,11,11,4.1,Yes,4.0,1,4,3,5,Yes
E10703,47,Sales,1,3054.0,2,1,20.4,No,4.0,2,2,3,5,No
E10283,39,R&D,1,2895.0,3,2,4.9,Yes,4.0,1,2,3,1,No
E10578,39,Sales,3,7073.0,14,7,10.3,No,3.0,2,2,3,0,No
E11072,45,R&D,2,4555.0,6,4,2.0,No,3.0,2,3,4,5,No
E10040,59,HR,3,5903.0,19,2,3.1,No,4.0,4,1,4,2,No
E10010,36,R&D,2,3831.0,9,1,1.1,No,2.0,2,2,3,5,No
E10011,57,R&D,3,6280.0,17,5,15.4,No,1.0,2,4,3,3,No
E10063,31,Sales,4,9932.0,13,2,17.7,No,3.0,2,3,4,1,No
E10990,56,Operations,1,3163.0,2,2,10.4,No,3.0,3,4,3,5,No
E10725,32,Marketing,2,4479.0,13,4,1.5,No,1.0,3,3,3,5,No
E10326,48,R&D,2,4650.0,11,6,8.0,No,4.0,1,4,3,5,Yes
E11236,37,Sales,2,3570.0,5,0,6.6,No,3.0,4,3,3,2,No
E11294,46,Sales,2,3696.0,16,9,2.5,No,2.0,3,2,3,4,No
E11381,31,Operations,1,3358.0,10,0,5.0,No,3.0,3,2,4,3,No
E10153,40,Sales,2,3778.0,18,18,12.6,No,1.0,2,3,3,3,Yes
E10609,39,Sales,3,5634.0,5,5,1.3,No,3.0,3,3,4,5,No
E11444,44,HR,2,4353.0,3,3,9.3,No,2.0,3,3,4,1,No
E10178,41,Sales,3,6702.0,17,16,1.8,Yes,2.0,3,3,3,2,Yes
E10663,33,R&D,2,3652.0,3,0,12.2,No,4.0,2,2,3,5,No
E10593,39,Marketing,2,4649.0,5,5,17.9,No,2.0,4,3,3,2,No
E10286,34,R&D,1,3221.0,14,8,6.6,No,4.0,3,4,3,1,No
E10608,51,Sales,1,3031.0,7,6,3.5,No,2.0,2,3,4,2,No
E10089,56,HR,2,4521.0,18,4,15.5,No,2.0,3,4,3,5,Yes
E10377,51,Operations,3,5414.0,2,1,16.5,No,3.0,4,2,3,1,No
E10782,46,Marketing,2,3876.0,4,4,5.6,Yes,1.0,4,4,3,2,No
E10136,54,Sales,4,9249.0,3,3,4.4,Yes,1.0,3,2,4,3,No
E11160,24,HR,2,4313.0,1,0,2.8,No,4.0,2,4,3,5,No
E11095,32,Operations,3,7020.0,10,5,11.1,Yes,3.0,4,4,3,3,Yes
E11201,57,Operations,2,4679.0,4,1,1.1,No,2.0,2,4,4,5,No
E11049,26,R&D,2,4496.0,8,3,5.5,Yes,4.0,2,2,3,0,No
E10391,52,R&D,1,3035.0,13,9,55.8,No,3.0,2,2,3,1,No
E10248,27,Finance,1,3073.0,11,5,4.2,Yes,2.0,4,3,3,4,No
E11366,35,Sales,1,3327.0,14,5,11.2,No,4.0,3,1,3,5,No
E10937,26,Operations,1,2672.0,0,0,23.7,Yes,3.0,3,4,4,4,No
E10630,49,Operations,1,2956.0,11,11,11.5,No,1.0,2,2,3,1,Yes
E10526,51,HR,1,2604.0,10,4,5.6,No,1.0,4,4,3,0,No
E11134,28,Sales,2,4798.0,19,5,1.1,No,4.0,2,4,3,2,No
E10577,22,R&D,2,3674.0,5,3,3.3,No,1.0,3,4,4,5,No
E10425,40,Finance,3,6850.0,3,1,4.5,No,4.0,2,1,3,5,No
E10067,55,R&D,2,4767.0,6,1,2.3,No,1.0,1,1,3,4,No
E10887,44,R&D,3,5411.0,16,0,7.3,No,3.0,4,3,3,0,No
E11030,38,Sales,1,2869.0,18,13,5.8,Yes,1.0,2,2,4,0,Yes
E10744,46,R&D,2,3576.0,6,6,18.3,No,2.0,4,4,3,3,No
E11307,53,HR,1,3092.0,0,0,12.7,No,3.0,4,3,3,3,Yes
E11498,28,Finance,2,3885.0,4,4,6.2,No,2.0,2,4,3,5,Yes
E10675,58,R&D,2,4306.0,8,4,10.0,Yes,1.0,3,2,3,1,Yes
E10209,50,Marketing,1,2856.0,12,9,6.5,No,4.0,3,2,3,3,Yes
E11465,25,R&D,1,2407.0,17,13,9.3,No,1.0,3,1,4,0,No
E11166,32,Marketing,1,3045.0,16,0,8.3,No,3.0,3,2,3,0,No
E10068,32,R&D,3,6411.0,10,4,9.9,No,4.0,1,1,3,2,No
E10604,54,R&D,1,3247.0,1,0,15.2,No,2.0,3,3,3,2,No
E10076,42,R&D,2,4367.0,14,1,6.6,No,4.0,3,2,3,1,No
E10690,30,Finance,1,2858.0,11,5,2.0,No,2.0,4,3,3,5,No
E10696,21,R&D,3,5311.0,16,8,3.7,No,3.0,4,3,3,3,Yes
E10866,29,Operations,3,5961.0,9,1,13.7,No,2.0,4,3,3,3,No
E11314,37,Sales,1,2596.0,0,0,5.1,No,4.0,1,1,3,4,No
E10380,58,R&D,2,4001.0,1,0,11.3,Yes,1.0,2,4,3,3,Yes
E10974,21,R&D,3,5984.0,11,9,4.1,Yes,1.0,2,1,3,4,Yes
E10765,31,Sales,1,3171.0,5,2,13.8,No,2.0,2,1,3,3,Yes
E11336,22,R&D,5,12960.0,13,0,1.7,No,1.0,2,4,3,5,No
E10698,58,Operations,2,4737.0,13,13,33.6,No,3.0,2,3,3,0,No
E11274,22,Sales,1,2451.0,5,3,4.9,Yes,3.0,4,1,3,2,No
E10757,21,Sales,2,4600.0,6,3,6.9,No,1.0,4,2,3,4,No
E11021,59,R&D,3,5100.0,5,3,10.7,No,4.0,4,2,3,5,No
E10098,21,Sales,3,6737.0,18,9,1.5,No,2.0,1,2,3,3,Yes
E11006,32,Sales,1,3106.0,13,13,2.6,No,2.0,2,2,3,3,No
E11413,50,R&D,1,3011.0,16,9,7.4,No,2.0,3,3,3,3,Yes
E11207,28,Operations,1,3294.0,5,4,1.0,No,4.0,3,4,3,1,No
E10055,52,HR,3,7194.0,11,6,8.7,Yes,3.0,4,2,3,3,Yes
E11304,30,R&D,3,6012.0,0,0,3.1,No,2.0,3,3,3,1,No
E10227,54,R&D,1,3061.0,15,1,2.9,No,4.0,3,3,3,2,No
E10175,22,R&D,3,6767.0,4,4,4.4,No,2.0,2,1,3,2,Yes
E10029,26,Marketing,5,12885.0,9,6,13.9,Yes,2.0,2,2,3,1,No
E11297,50,Operations,2,4474.0,7,7,11.0,Yes,,3,2,4,0,Yes
E11147,21,HR,3,5572.0,7,3,10.8,No,3.0,1,1,4,4,No
E11479,25,HR,1,2424.0,9,3,9.1,No,1.0,1,4,3,0,No
E10138,49,Operations,2,4918.0,10,4,5.6,No,4.0,1,3,3,5,Yes
E10429,27,Operations,2,4960.0,12,6,6.0,No,1.0,1,3,3,2,Yes
E11223,35,HR,3,5421.0,16,11,1.5,No,3.0,2,2,3,2,Yes
E11284,39,Operations,2,4507.0,16,11,21.1,No,4.0,3,4,3,1,No
E10677,34,Marketing,1,3173.0,7,2,25.9,Yes,4.0,2,2,3,2,No
E11199,44,Finance,1,2658.0,12,2,17.6,No,2.0,2,1,3,4,No
E10869,35,Finance,4,8206.0,4,1,2.4,No,4.0,2,3,3,5,No
E10730,50,Operations,3,6079.0,4,3,9.4,No,2.0,3,2,3,0,Yes
E10191,47,R&D,1,2440.0,7,5,9.8,No,1.0,2,1,3,3,Yes
E10885,54,Sales,3,5825.0,4,3,7.2,No,2.0,4,1,3,5,Yes
E11057,33,R&D,2,4760.0,7,5,4.3,Yes,1.0,2,2,4,2,Yes
E10722,43,Sales,5,13920.0,3,3,5.5,No,1.0,2,3,3,5,No
E11302,55,Operations,2,4744.0,4,0,20.5,No,1.0,1,4,3,2,No
E10906,25,Marketing,3,5251.0,16,9,16.7,No,4.0,2,2,4,3,No
E10860,46,R&D,1,2447.0,4,1,8.5,Yes,3.0,1,1,3,2,No
E10015,26,Operations,3,6348.0,15,1,14.7,Yes,3.0,2,1,3,0,No
E11267,43,Sales,2,3884.0,19,11,1.0,No,2.0,2,1,3,0,Yes
E10939,21,R&D,3,5446.0,12,11,1.8,No,3.0,1,2,3,4,No
E10674,54,Finance,2,3873.0,5,4,9.7,Yes,1.0,4,3,3,0,No
E11446,25,Sales,1,2922.0,13,1,4.4,Yes,2.0,3,4,3,4,No
E11182,22,Sales,1,2411.0,0,0,6.0,No,1.0,4,1,3,4,No
E10956,39,Operations,1,3297.0,6,5,7.7,Yes,1.0,2,4,4,3,Yes
E10157,29,Operations,1,3219.0,4,0,1.0,Yes,1.0,3,4,3,3,No
E11420,28,Sales,2,4888.0,14,11,2.9,No,2.0,2,4,4,0,Yes
E11327,34,Sales,2,3822.0,5,5,4.4,Yes,2.0,2,2,4,1,Yes
E10120,40,Sales,1,2578.0,4,1,1.2,No,4.0,2,2,3,4,No
E10855,41,Sales,1,3326.0,6,3,13.2,No,1.0,3,1,3,5,Yes
E11001,30,Marketing,5,12218.0,0,0,15.8,Yes,1.0,2,3,3,5,Yes
E11011,56,R&D,3,6501.0,19,10,6.0,No,1.0,2,4,3,5,No
E10442,27,R&D,1,3044.0,19,12,12.9,No,3.0,1,3,3,5,No
E10684,26,Sales,2,4235.0,18,1,11.6,Yes,1.0,2,1,3,0,Yes
E10225,23,Sales,2,4755.0,6,2,1.6,No,1.0,2,4,3,3,Yes
E10322,26,Sales,3,5922.0,0,0,9.1,No,2.0,4,4,3,4,Yes
E10617,46,Operations,1,3357.0,19,16,1.6,No,3.0,2,4,3,1,Yes
E11157,52,Marketing,2,3880.0,19,13,1.4,No,4.0,2,2,4,0,No
E11341,54,Sales,3,5832.0,13,3,18.9,Yes,3.0,3,1,3,3,Yes
E10981,54,Operations,1,2933.0,6,3,6.4,Yes,4.0,2,3,3,1,Yes
E10357,32,HR,3,7067.0,5,4,6.6,No,4.0,4,2,3,4,No
E10816,55,R&D,1,3187.0,17,9,5.7,Yes,1.0,4,4,3,1,Yes
E10172,59,R&D,1,2603.0,13,3,2.4,Yes,4.0,2,1,3,2,No
E10596,44,R&D,1,3018.0,1,1,1.6,Yes,4.0,1,4,3,5,No
E10804,24,R&D,1,3182.0,3,3,8.1,No,1.0,1,2,3,3,No
E11389,22,Operations,2,3652.0,9,2,6.7,No,1.0,2,4,3,4,No
E11052,32,R&D,2,3671.0,11,1,12.3,No,2.0,4,1,3,0,No
E10247,45,Finance,3,6460.0,2,1,17.9,No,1.0,1,1,4,4,No
E10812,48,Finance,1,3216.0,1,1,1.3,Yes,2.0,3,4,3,4,No
E11435,30,Operations,2,4370.0,1,0,7.6,Yes,4.0,1,1,3,0,No
E10624,48,R&D,1,3234.0,17,13,11.6,No,1.0,2,1,3,3,Yes
E11250,23,R&D,5,13666.0,14,2,7.1,No,3.0,4,4,3,4,No
E10226,45,R&D,3,7077.0,16,1,9.3,Yes,2.0,4,4,4,3,No
E10155,54,Sales,2,4364.0,10,6,4.6,No,2.0,3,1,3,3,No
E10231,27,R&D,1,2494.0,14,1,2.9,No,2.0,3,3,3,5,No
E10934,21,R&D,2,3930.0,2,1,4.1,No,1.0,1,3,3,5,No
E10598,43,Operations,1,3039.0,15,3,7.2,Yes,2.0,4,4,3,3,No
E10411,54,Finance,2,4782.0,6,5,13.4,Yes,4.0,1,3,3,3,Yes
E11499,36,HR,2,4359.0,2,0,6.7,No,1.0,1,4,3,5,No
E11218,34,R&D,1,3093.0,14,10,6.4,No,2.0,4,2,3,3,No
E10462,48,Sales,2,3709.0,3,3,10.3,Yes,2.0,1,2,3,0,No
E10550,49,Marketing,1,2745.0,5,5,10.8,No,1.0,3,3,3,2,No
E10750,57,Marketing,4,8791.0,13,13,4.3,No,2.0,3,1,3,5,No
E10288,44,Sales,1,2701.0,17,13,11.9,No,2.0,2,1,3,5,Yes
E10571,44,R&D,2,4437.0,15,8,34.3,No,1.0,2,1,3,3,Yes
E10897,43,Finance,3,7080.0,15,12,7.3,No,2.0,2,3,3,1,No
E11262,35,Marketing,1,2945.0,3,0,2.9,No,4.0,1,1,3,3,No
E10019,45,HR,1,2647.0,9,1,9.6,No,2.0,1,1,4,4,No
E10537,47,R&D,3,6527.0,15,4,20.4,Yes,3.0,4,3,3,5,Yes
E10332,37,Sales,3,5403.0,15,2,11.0,Yes,4.0,1,3,3,0,Yes
E11471,43,Sales,4,9184.0,11,2,18.2,No,1.0,4,1,3,0,No
E10044,33,Sales,5,11514.0,15,8,13.7,No,3.0,3,3,3,5,No
E10829,24,Sales,4,8288.0,11,2,14.9,Yes,1.0,4,2,3,3,No
E11130,56,Operations,2,4721.0,2,0,4.6,No,1.0,3,1,3,3,No
E11470,40,HR,1,2477.0,12,7,8.2,No,4.0,4,2,3,0,No
E10354,48,R&D,1,2865.0,1,1,5.9,Yes,3.0,3,1,3,3,No
E10717,30,Sales,1,2825.0,18,8,9.9,No,1.0,1,2,3,0,No
E11039,56,Operations,2,4074.0,14,7,3.7,Yes,3.0,1,3,3,4,Yes
E10404,50,Marketing,2,4710.0,0,0,5.8,Yes,1.0,2,1,4,0,No
E10372,48,Sales,5,10925.0,2,0,12.8,No,1.0,3,4,3,5,No
E11422,46,HR,5,12891.0,10,2,8.5,No,2.0,2,2,3,3,No
E10955,41,Marketing,3,6911.0,1,1,26.8,Yes,3.0,1,4,3,4,Yes
E10239,30,Sales,2,4130.0,5,5,14.2,No,1.0,2,2,3,0,No
E11197,38,Operations,2,4948.0,9,8,5.3,Yes,2.0,1,3,3,3,No
E10859,46,Sales,2,4194.0,15,7,4.3,No,2.0,2,4,3,2,Yes
E10033,47,HR,2,4390.0,5,0,12.3,No,4.0,3,4,3,2,No
E10788,29,R&D,4,10180.0,12,5,7.2,No,1.0,3,3,3,3,No
E10489,44,R&D,3,5620.0,7,5,11.0,No,1.0,2,1,3,0,No
E10611,48,Sales,2,4534.0,14,12,17.7,No,1.0,1,4,3,1,No
E10124,21,R&D,3,5655.0,15,0,3.6,No,3.0,2,2,4,0,Yes
E10290,44,R&D,3,6567.0,13,6,4.6,No,1.0,2,2,4,2,No
E10345,27,R&D,4,7479.0,10,5,25.1,No,4.0,1,4,4,2,Yes
E10814,52,R&D,5,14142.0,3,2,1.2,No,3.0,4,1,4,0,No
E10518,23,HR,2,4053.0,0,0,11.4,No,4.0,3,1,3,3,No
E10612,41,Finance,2,3769.0,2,1,32.8,No,1.0,3,1,3,0,Yes
E10164,35,Operations,1,3053.0,5,4,3.4,No,3.0,4,3,3,0,Yes
E10408,35,Finance,3,6478.0,12,2,10.2,No,3.0,4,2,3,1,No
E10917,31,R&D,1,2911.0,16,10,1.8,No,4.0,4,1,4,4,No
E11077,47,R&D,2,4835.0,2,0,1.5,Yes,1.0,3,1,3,4,No
E11459,41,R&D,1,3142.0,14,8,5.6,Yes,3.0,3,4,3,0,Yes
E10020,54,Sales,1,2668.0,4,3,3.4,Yes,2.0,2,1,3,2,No
E10678,50,Sales,3,7066.0,18,15,8.8,No,4.0,2,2,3,5,No
E10547,33,Sales,3,5983.0,2,0,21.7,No,2.0,3,1,3,1,No
E10356,24,HR,2,3847.0,4,1,3.4,No,1.0,1,1,4,1,Yes
E11338,58,Sales,2,4175.0,4,0,5.2,No,3.0,1,4,3,1,No
E10049,34,R&D,5,10669.0,13,1,23.5,No,3.0,3,3,3,0,No
E10544,24,R&D,2,4762.0,4,1,20.7,No,1.0,2,3,3,3,No
E10450,54,Operations,2,4808.0,0,0,4.6,No,3.0,4,2,4,3,No
E11018,28,Operations,1,2488.0,8,8,14.4,Yes,3.0,4,3,3,1,No
E11494,24,Sales,3,5814.0,7,3,1.5,No,3.0,2,4,3,2,No
E10615,35,Finance,3,5667.0,6,0,8.9,No,4.0,4,4,3,5,No
E11387,54,Finance,4,8806.0,17,11,7.6,Yes,3.0,3,4,3,5,No
E10636,52,R&D,1,2872.0,16,11,1.6,No,4.0,3,4,3,5,No
E10066,58,Marketing,1,3289.0,3,3,10.2,Yes,3.0,4,4,3,3,Yes
E10150,57,HR,4,9545.0,10,1,8.4,No,2.0,4,4,3,1,No
E11344,26,R&D,3,5237.0,10,2,12.6,Yes,4.0,1,1,3,1,Yes
E10655,28,Sales,2,4733.0,10,9,4.2,No,1.0,3,4,4,0,No
E10620,45,R&D,2,3807.0,11,10,6.6,No,1.0,2,2,3,3,No
E11377,38,Finance,1,2865.0,4,0,1.3,No,1.0,2,1,3,5,No
E11114,37,R&D,2,4544.0,19,19,,Yes,4.0,4,2,3,5,No
E10809,43,Finance,4,8469.0,11,7,9.5,Yes,2.0,3,2,3,4,Yes
E11091,31,Operations,2,4436.0,3,0,2.3,No,3.0,2,4,3,3,No
E11269,43,Sales,5,11547.0,15,7,5.6,No,1.0,3,4,3,3,No
E10330,50,Finance,2,4140.0,19,17,13.4,Yes,,1,2,3,2,Yes
E11356,40,Sales,2,4097.0,8,3,6.7,No,3.0,3,2,3,2,No
E11014,41,Sales,2,3847.0,10,0,4.3,No,2.0,1,3,3,4,No
E10035,40,Marketing,3,5646.0,15,10,33.4,No,1.0,3,4,3,5,Yes
E11281,26,Marketing,1,2402.0,8,8,5.3,Yes,4.0,4,3,3,0,Yes
E11488,41,Finance,2,3768.0,19,12,28.5,No,1.0,4,1,3,1,No
E10999,52,Sales,2,4700.0,8,6,11.9,Yes,2.0,2,2,3,1,Yes
E10341,42,Sales,2,4500.0,16,1,,No,4.0,1,4,3,1,No
E11472,48,R&D,5,12653.0,6,1,9.3,No,1.0,2,3,3,1,No
E10644,34,Sales,4,8069.0,11,7,3.5,No,1.0,3,4,3,2,No
E10819,36,HR,4,8196.0,1,1,1.7,Yes,3.0,1,3,3,1,No
E11113,22,Sales,1,2774.0,9,4,12.9,No,1.0,1,4,4,2,No
E11144,57,HR,1,3350.0,9,2,2.3,No,2.0,3,3,3,3,No
E10445,25,Marketing,2,3943.0,8,6,7.8,No,2.0,3,2,3,4,No
E10816,55,R&D,1,3187.0,17,9,5.7,Yes,1.0,4,4,3,1,Yes
E10727,53,Operations,2,4015.0,11,10,3.3,No,4.0,2,4,3,5,Yes
E10238,35,Marketing,1,2517.0,5,2,17.8,Yes,3.0,4,1,3,4,No
E11132,45,Finance,1,3078.0,11,1,12.0,No,2.0,2,3,3,5,No
E10662,33,Sales,4,10069.0,19,4,1.8,Yes,1.0,4,1,3,2,No
E10501,35,Sales,4,8097.0,5,1,18.6,No,3.0,1,4,3,5,No
E10237,44,Marketing,3,6984.0,7,3,1.2,Yes,2.0,3,3,3,4,No
E10447,37,R&D,1,3290.0,9,2,3.7,No,2.0,1,3,3,4,No
E11107,57,Finance,1,2800.0,19,15,2.3,No,2.0,3,4,3,5,No
E11189,32,Sales,2,4623.0,10,9,8.6,Yes,4.0,4,2,3,0,No
E10038,53,R&D,5,14052.0,2,0,18.3,No,2.0,1,2,3,0,Yes
E10104,54,R&D,1,3009.0,17,1,1.6,Yes,2.0,1,3,4,0,Yes
E10799,48,R&D,4,7688.0,3,0,,No,2.0,3,1,4,3,No
E10228,34,R&D,3,6589.0,18,2,11.3,No,2.0,4,3,3,4,Yes
E11060,38,Sales,5,11382.0,8,8,5.0,Yes,2.0,4,4,4,4,No
E10980,29,Operations,2,4150.0,19,5,2.6,No,2.0,4,3,3,4,No
E10694,49,R&D,2,3739.0,6,3,9.9,No,2.0,3,2,3,3,No
E10436,25,HR,1,2550.0,8,5,1.1,Yes,1.0,3,3,3,2,No
E10652,28,R&D,1,2844.0,4,1,41.7,Yes,2.0,4,3,3,1,No
E10270,36,R&D,1,2941.0,13,4,4.9,No,2.0,3,3,3,5,No
E10420,26,Marketing,2,4988.0,16,3,1.2,No,2.0,2,4,3,3,No
E10987,58,Sales,3,5665.0,18,6,17.2,Yes,4.0,1,4,3,2,Yes
E10649,42,HR,3,6131.0,3,3,1.1,No,4.0,4,2,3,2,No
E11042,43,R&D,1,2874.0,18,15,1.5,Yes,2.0,4,1,3,5,No
E10726,35,R&D,2,4993.0,9,6,8.4,Yes,2.0,3,2,3,2,No
E10645,35,R&D,2,4987.0,9,9,13.2,No,2.0,3,3,3,1,No
E10958,36,R&D,1,2731.0,6,4,5.5,Yes,4.0,2,1,3,0,No
E10739,25,Marketing,1,3338.0,4,1,20.0,Yes,1.0,2,2,3,2,Yes
E11335,36,HR,1,3240.0,5,3,4.4,No,1.0,4,2,3,2,Yes
E11442,46,R&D,3,5664.0,18,17,13.7,No,2.0,1,3,3,2,Yes
E10660,36,Marketing,2,4101.0,0,0,2.6,Yes,1.0,4,1,3,5,Yes
E10127,25,Finance,5,11406.0,16,8,21.2,No,3.0,4,1,3,1,No
E10996,48,R&D,2,4779.0,0,0,1.2,No,2.0,2,2,3,4,No
E10002,52,Sales,2,4600.0,3,3,7.8,No,1.0,4,2,3,4,Yes
E11086,51,Operations,2,3807.0,14,13,24.6,Yes,3.0,1,1,3,0,Yes
E11122,23,Sales,1,3021.0,7,5,4.3,No,1.0,3,3,4,4,No
E10921,59,Sales,1,3078.0,11,0,10.7,No,1.0,2,3,3,2,Yes
E10206,47,Finance,2,4643.0,14,8,7.8,No,2.0,4,3,3,1,Yes
E11426,53,Finance,2,3630.0,18,8,21.7,No,1.0,1,2,3,5,No
E10895,51,Sales,2,3850.0,2,0,2.0,No,1.0,2,4,3,0,No
E11170,41,Operations,2,4384.0,18,1,1.6,No,1.0,1,3,3,4,No
E11124,54,R&D,1,3244.0,11,1,16.7,No,1.0,2,1,3,5,No
E10705,38,R&D,5,12342.0,4,1,13.9,No,2.0,3,1,3,0,No
E10502,41,Operations,2,3948.0,13,7,3.5,Yes,4.0,2,2,3,5,Yes
E10424,54,Operations,2,3714.0,10,9,10.7,No,3.0,1,1,3,0,No
E10256,29,Sales,1,2405.0,0,0,6.2,Yes,4.0,2,3,3,3,Yes
E11298,50,R&D,3,5532.0,6,5,1.5,Yes,3.0,4,1,3,0,No
E10261,56,Marketing,3,6106.0,5,2,7.3,No,2.0,3,2,3,1,Yes
E10666,44,Sales,5,12835.0,2,2,10.8,No,1.0,2,2,3,1,No
E10672,50,R&D,2,4605.0,11,4,41.6,Yes,1.0,4,3,3,0,No
E10319,49,Sales,4,7465.0,14,1,23.5,No,1.0,4,4,3,4,No
E11419,37,Finance,2,4424.0,19,7,13.2,No,3.0,1,4,3,5,No
E10650,42,Operations,1,3118.0,19,6,5.8,Yes,3.0,2,2,3,4,Yes
E10161,31,HR,3,5578.0,13,2,10.5,No,3.0,3,2,3,2,Yes
E11225,27,Operations,1,2470.0,7,5,1.1,No,4.0,2,2,3,5,Yes
E10399,55,Marketing,2,3660.0,7,7,7.8,No,2.0,2,1,3,5,No
E11110,28,Sales,3,6156.0,15,14,3.7,No,4.0,2,3,3,5,Yes
E10909,21,Operations,1,2851.0,11,4,14.4,Yes,2.0,2,2,3,1,No
E11489,45,R&D,4,8579.0,13,7,5.5,No,4.0,1,1,4,4,No
E10483,29,Operations,1,2779.0,4,1,7.2,No,1.0,4,3,3,0,Yes
E10258,56,Finance,4,10124.0,18,1,12.7,No,2.0,2,4,3,0,No
E10793,37,Marketing,1,2590.0,12,10,3.4,No,4.0,1,2,3,5,Yes
E10732,43,Marketing,1,3192.0,17,8,7.4,No,2.0,2,1,4,0,Yes
E11074,38,Sales,5,14175.0,0,0,1.0,No,1.0,1,2,3,2,No
E11153,50,Sales,4,9746.0,18,7,4.9,No,1.0,4,3,3,1,No
E10476,52,Operations,1,3178.0,11,4,2.3,No,4.0,2,4,3,0,No
E10497,55,Operations,1,2921.0,12,4,1.1,Yes,2.0,3,2,3,3,Yes
E11219,39,R&D,4,7594.0,13,12,1.2,Yes,3.0,2,3,3,3,Yes
E10279,47,Finance,2,4175.0,7,1,3.7,No,1.0,3,2,4,2,No
E10549,47,Sales,2,4433.0,1,1,6.6,No,2.0,3,3,4,4,No
E10566,42,Sales,3,5124.0,2,1,11.1,No,1.0,1,4,3,1,No
E10831,38,Sales,2,4212.0,12,0,4.4,No,2.0,2,2,3,5,No
E10292,53,Operations,1,2735.0,3,1,2.6,No,3.0,4,3,3,0,Yes
E10559,39,HR,1,3220.0,18,11,7.0,Yes,4.0,2,1,3,4,No
E10455,32,Operations,3,6248.0,10,6,19.4,Yes,2.0,1,2,3,1,No
E10021,35,Operations,2,4784.0,9,8,14.3,Yes,2.0,3,2,3,0,Yes
E10758,28,Marketing,4,9994.0,10,9,4.1,No,2.0,4,3,3,5,No
E10542,42,Sales,2,4318.0,15,1,10.0,No,3.0,2,3,4,5,No
E10166,40,Marketing,1,2594.0,2,2,1.8,No,1.0,1,4,3,0,Yes
E10115,33,Marketing,1,2492.0,8,1,3.3,No,2.0,4,3,3,1,No
E11306,31,R&D,2,4748.0,19,15,3.1,Yes,3.0,2,2,3,5,Yes
E10832,22,Sales,2,3854.0,1,0,8.2,No,2.0,4,4,4,2,No
E10975,21,Finance,2,4864.0,7,3,3.0,Yes,3.0,1,3,4,2,No
E10693,56,Marketing,4,8845.0,2,2,10.1,No,3.0,3,1,3,2,No
E11310,28,R&D,4,8381.0,10,4,16.5,No,4.0,2,3,3,5,No
E10300,21,Sales,1,2509.0,4,0,2.9,No,1.0,4,3,3,1,Yes
E10099,59,Marketing,2,4609.0,1,1,9.3,Yes,1.0,4,1,3,1,Yes
E10430,56,Marketing,3,6592.0,12,7,7.2,No,2.0,1,4,4,4,No
E10128,46,Finance,1,2585.0,0,0,17.0,Yes,3.0,4,2,3,5,Yes
E11252,32,Finance,1,2640.0,10,6,5.4,No,4.0,1,4,3,0,No
E10152,46,Operations,2,3915.0,14,9,2.0,Yes,1.0,1,2,3,2,No
E10251,46,Sales,3,6547.0,13,12,5.6,Yes,2.0,1,1,3,1,No
E11137,54,Sales,3,5242.0,6,4,4.3,No,2.0,4,1,3,5,Yes
E10988,24,Sales,4,7751.0,19,16,5.6,Yes,2.0,4,2,3,4,No
E11425,50,Finance,4,7977.0,11,5,17.6,No,2.0,2,4,3,0,No
E11081,25,R&D,2,3924.0,0,0,15.1,No,3.0,3,2,3,0,No
E10863,40,R&D,5,14061.0,19,17,18.0,No,2.0,2,1,3,1,No
E10368,48,R&D,1,2712.0,11,6,1.2,No,3.0,4,4,3,2,No
E10135,44,Sales,2,3949.0,12,6,11.7,No,1.0,1,2,3,0,No
E10369,55,Marketing,3,6500.0,2,0,4.5,No,1.0,1,4,3,3,Yes
E10154,32,Sales,1,2698.0,3,2,10.1,Yes,4.0,2,2,3,3,Yes
E10892,50,Sales,1,2781.0,17,7,18.3,Yes,4.0,4,4,3,5,No
E10779,44,R&D,2,4052.0,19,16,,No,2.0,4,3,4,2,Yes
E10305,40,Sales,1,3347.0,10,3,1.3,No,2.0,2,3,3,5,No
E11430,55,Operations,4,8196.0,10,6,31.7,No,4.0,2,3,3,0,No
E11374,43,Sales,2,4239.0,9,1,6.1,No,2.0,3,2,4,0,No
E10419,41,Sales,4,8184.0,18,16,1.3,No,4.0,2,3,3,3,No
E11194,52,Finance,4,8051.0,2,0,11.5,Yes,1.0,2,4,3,5,No
E11445,23,Operations,1,2474.0,17,16,1.2,Yes,3.0,3,4,3,3,No
E10246,30,Operations,1,2476.0,7,0,18.3,Yes,3.0,4,1,3,1,No
E10683,29,Sales,1,2900.0,0,0,8.5,Yes,2.0,2,3,3,5,Yes
E10313,30,Operations,5,11129.0,3,2,11.2,Yes,3.0,1,4,3,5,No
E11115,55,Sales,1,2959.0,16,9,9.0,Yes,3.0,3,4,3,3,No
E11032,53,HR,4,8684.0,19,14,10.0,No,2.0,3,3,3,0,Yes
E10661,36,R&D,1,3307.0,16,10,2.6,No,1.0,2,4,3,1,Yes
E10656,32,Sales,2,4979.0,9,5,3.2,No,3.0,4,1,3,0,Yes
E11215,29,R&D,1,3352.0,14,13,7.9,No,1.0,1,4,3,3,Yes
E10998,44,Operations,4,9738.0,14,7,6.1,Yes,2.0,4,3,3,1,No
E10581,43,Sales,1,2785.0,19,7,13.5,No,2.0,4,2,3,0,Yes
E10767,47,Operations,4,7938.0,16,9,12.8,No,4.0,2,4,3,3,No
E10141,52,Finance,1,2424.0,0,0,7.6,Yes,2.0,3,1,3,0,No
E11076,28,Marketing,5,10777.0,8,4,8.2,No,2.0,1,4,4,3,Yes
E10846,33,Sales,4,7510.0,15,11,4.4,No,1.0,4,3,3,5,No
E10718,35,R&D,2,3613.0,15,1,8.3,Yes,4.0,4,4,3,1,No
E10600,43,R&D,1,2458.0,7,4,1.8,No,2.0,2,2,3,4,Yes
E10112,21,R&D,5,13424.0,7,4,1.5,No,1.0,2,4,3,5,No
E11369,54,Finance,3,6557.0,13,2,2.2,Yes,4.0,2,2,3,1,Yes
E10871,55,Sales,5,10748.0,13,3,13.0,Yes,2.0,1,1,3,1,Yes
E10545,49,Marketing,3,5571.0,19,10,12.2,No,4.0,3,2,3,4,No
E11152,54,Sales,1,3169.0,18,17,13.1,No,3.0,2,4,3,1,No
E11492,25,R&D,1,3038.0,7,6,23.0,Yes,3.0,2,3,3,1,Yes
E11108,34,R&D,1,2998.0,2,2,11.2,No,4.0,4,4,3,4,No
E11010,33,Marketing,3,6064.0,1,0,12.2,No,4.0,4,1,3,0,Yes
E11351,29,Operations,2,4910.0,12,1,8.3,No,2.0,4,1,3,0,No
E10059,26,HR,1,3234.0,12,4,2.9,No,2.0,1,1,4,2,No
E10334,32,Sales,3,6938.0,0,0,15.7,No,1.0,1,1,3,2,No
E10328,41,Sales,1,3300.0,15,2,9.5,Yes,4.0,4,4,3,2,Yes
E10665,36,R&D,1,2693.0,3,1,6.2,No,3.0,3,1,3,4,No
E10787,48,Marketing,2,4887.0,14,12,16.0,No,2.0,1,3,4,3,No
E11033,47,Operations,2,4077.0,14,3,16.7,No,4.0,4,4,3,2,No
E11035,22,Marketing,1,2464.0,8,1,1.6,No,1.0,1,3,3,4,No
E10719,49,Marketing,2,4712.0,18,14,,No,4.0,1,1,3,1,No
E10352,46,Operations,2,3970.0,8,5,7.2,Yes,4.0,1,4,3,2,No
E10221,30,Sales,2,3788.0,5,2,1.4,No,3.0,3,1,4,2,No
E10118,51,Marketing,3,5384.0,9,0,3.8,No,2.0,2,3,3,4,No
E10837,55,R&D,1,3334.0,10,9,5.1,No,1.0,4,4,3,5,No
E11321,25,R&D,3,6043.0,6,2,3.0,Yes,1.0,1,2,3,1,Yes
E10618,39,Finance,1,3063.0,0,0,10.1,Yes,2.0,3,2,3,2,No
E10004,44,Sales,1,2430.0,17,3,1.8,Yes,1.0,1,1,3,0,No
E10170,51,R&D,1,2949.0,11,10,5.1,No,1.0,1,3,3,5,Yes
E11172,27,Marketing,4,7718.0,4,1,16.6,No,4.0,2,2,3,1,No
E11352,49,Marketing,2,4832.0,13,4,8.1,Yes,1.0,4,4,4,0,No
E11123,59,HR,2,4917.0,7,1,5.3,No,2.0,4,2,3,0,No
E11263,25,Operations,1,2979.0,10,5,9.4,No,4.0,3,3,3,5,Yes
E10723,36,Operations,4,10090.0,9,2,8.3,No,4.0,1,1,4,2,No
E11195,27,Sales,5,11383.0,0,0,3.6,Yes,3.0,3,3,3,0,No
E10349,51,Sales,3,5188.0,3,2,16.6,No,3.0,1,1,3,1,No
E11127,50,Operations,1,2827.0,8,5,24.3,No,1.0,2,4,3,4,No
E10252,26,Sales,2,3821.0,16,16,4.7,Yes,3.0,1,1,3,0,Yes
E10008,39,Operations,4,7240.0,8,4,4.2,Yes,2.0,3,3,4,3,No
E10731,22,Marketing,3,6551.0,16,3,5.7,Yes,1.0,2,4,3,2,Yes
E10658,48,Operations,2,4442.0,12,0,4.4,No,2.0,2,4,3,4,Yes
E10747,43,Finance,2,4101.0,1,1,7.9,Yes,1.0,3,4,3,1,No
E10218,26,R&D,1,2650.0,11,1,9.8,Yes,3.0,4,4,3,5,No
E10245,42,Sales,2,4447.0,13,6,8.9,No,3.0,4,2,3,4,No
E10879,30,R&D,3,6303.0,19,10,3.1,Yes,2.0,4,4,3,5,Yes
E10875,39,Sales,2,3940.0,8,6,5.8,Yes,4.0,4,3,3,0,No
E10244,53,Sales,2,4146.0,2,1,4.9,No,2.0,1,3,3,4,No
E11202,56,Sales,1,3158.0,10,2,3.6,No,1.0,3,2,3,2,No
E10211,22,HR,3,5394.0,8,7,6.1,No,2.0,1,2,3,5,Yes
E11109,34,HR,2,4171.0,10,6,2.4,No,4.0,3,2,3,3,No
E10301,26,Sales,3,6290.0,0,0,30.9,No,4.0,1,1,4,0,No
E10511,35,Marketing,4,8416.0,10,7,12.3,Yes,1.0,1,4,3,4,No
E11287,34,R&D,2,4883.0,9,3,10.9,No,2.0,2,1,3,3,Yes
E11280,29,R&D,4,8972.0,19,17,5.8,No,1.0,4,3,3,3,Yes
E10299,30,Sales,1,2814.0,13,10,1.7,No,3.0,2,1,3,1,Yes
E10919,52,Operations,1,2393.0,14,12,5.8,Yes,4.0,1,1,3,4,Yes
E10224,50,Sales,1,2849.0,9,2,14.3,Yes,2.0,2,4,3,0,Yes
E10146,48,Sales,2,4682.0,16,8,11.9,No,4.0,2,1,3,5,Yes
E10538,23,Sales,2,4521.0,12,10,10.8,No,3.0,2,3,3,3,No
E10890,46,Marketing,2,4970.0,3,3,6.6,Yes,3.0,3,4,3,5,No
E11003,39,Sales,1,2448.0,6,5,4.6,Yes,4.0,1,4,3,0,No
E10616,51,Operations,1,2478.0,7,1,2.0,Yes,2.0,4,4,3,3,No
E10275,23,R&D,3,6337.0,17,2,5.2,No,2.0,3,3,4,1,Yes
E11491,43,Sales,1,2837.0,1,0,11.2,Yes,1.0,3,2,3,2,Yes
E11188,58,Sales,2,4748.0,11,10,2.1,Yes,2.0,1,4,3,4,No
E10312,22,Operations,2,4413.0,11,9,3.9,No,3.0,2,1,3,5,No
E10050,57,Sales,1,3017.0,13,13,6.1,Yes,2.0,1,3,3,2,No
E11417,44,Sales,3,6006.0,2,2,13.5,Yes,4.0,3,4,3,5,No
E10285,22,Operations,2,3620.0,5,1,2.9,No,2.0,4,1,4,0,Yes
E10874,45,R&D,2,3900.0,19,7,34.1,No,3.0,2,1,3,0,No
E10634,59,Operations,3,6680.0,19,9,7.3,Yes,4.0,1,2,3,4,No
E10712,28,HR,2,4068.0,2,1,10.3,No,2.0,2,3,3,5,No
E10973,53,Operations,2,5024.0,15,9,11.3,No,4.0,1,3,3,5,No
E11143,40,R&D,2,4469.0,19,3,2.6,No,4.0,2,2,3,5,No
E11237,48,Sales,1,3282.0,7,6,8.9,No,3.0,1,3,3,1,No
E10402,55,R&D,2,4351.0,11,10,15.8,Yes,1.0,1,4,3,1,Yes
E10441,59,Sales,1,2735.0,19,13,24.3,No,4.0,2,3,3,1,No
E10898,52,Sales,1,3136.0,4,2,9.2,No,2.0,3,2,4,2,Yes
E10179,36,Marketing,2,3771.0,14,10,25.2,No,4.0,1,2,3,3,No
E10815,57,Sales,1,2933.0,5,2,3.3,Yes,3.0,4,2,3,2,No
E11005,22,Finance,2,4663.0,1,1,17.2,No,4.0,3,2,3,4,Yes
E10770,53,Sales,3,6131.0,10,0,2.5,No,1.0,2,3,3,0,Yes
E10046,53,Sales,2,4578.0,13,13,13.5,No,3.0,4,3,3,3,Yes
E11331,48,Operations,3,6631.0,15,14,11.3,No,2.0,1,3,3,3,Yes
E11099,34,Sales,1,2384.0,4,1,1.8,No,3.0,2,2,3,3,Yes
E10457,30,Sales,1,2967.0,1,1,,Yes,4.0,3,4,4,1,No
E10794,59,HR,5,13335.0,17,5,2.8,No,1.0,3,3,3,4,Yes
E10417,37,Sales,3,6144.0,1,1,4.5,No,3.0,3,4,3,5,No
E10826,51,R&D,3,5138.0,6,4,4.2,No,2.0,3,1,4,5,No
E10440,49,Sales,3,5665.0,17,7,7.7,No,3.0,2,4,4,4,No
E10215,27,Marketing,2,4597.0,8,8,10.2,No,3.0,1,1,4,4,No
E11434,52,Sales,2,4576.0,12,3,6.0,Yes,3.0,1,4,3,0,Yes
E10868,39,R&D,1,2981.0,18,5,1.0,Yes,1.0,4,3,3,5,No
E10923,56,Sales,1,2683.0,5,0,1.3,No,3.0,2,4,3,0,Yes
E11416,34,R&D,3,6282.0,13,13,9.8,Yes,4.0,3,2,3,5,No
E10017,57,Operations,3,6255.0,12,8,18.5,No,4.0,4,1,3,5,No
E10025,46,Finance,1,2675.0,8,7,3.5,Yes,2.0,3,1,3,0,No
E10370,26,Finance,4,9320.0,18,3,2.5,Yes,1.0,2,2,3,3,No
E11037,45,R&D,3,6276.0,7,2,10.5,No,1.0,4,1,3,4,No
E10379,38,Sales,1,3302.0,7,2,9.7,No,2.0,2,3,3,0,No
E11299,32,Operations,3,6017.0,13,0,,No,1.0,3,2,3,3,No
E10642,44,Sales,2,4941.0,3,0,14.2,No,4.0,2,3,3,5,No
E11145,22,Marketing,2,4728.0,13,0,15.4,No,1.0,1,1,3,4,No
E11454,22,Sales,2,4765.0,2,1,10.6,No,4.0,3,1,3,4,No
E11292,45,Marketing,2,3665.0,15,13,5.3,No,1.0,2,3,4,2,No
E10347,52,Operations,1,2902.0,12,1,11.3,No,1.0,1,2,4,5,No
E10824,46,R&D,2,3744.0,4,3,3.2,No,1.0,1,1,4,5,Yes
E11437,52,R&D,4,9940.0,16,13,4.4,No,3.0,2,2,3,5,No
E10994,59,Operations,2,4013.0,6,0,16.9,No,2.0,4,1,3,2,No
E11168,46,Sales,1,3301.0,16,15,24.8,No,1.0,2,4,3,4,No
E10465,36,Sales,2,4497.0,6,2,,Yes,4.0,4,1,4,2,No
E11141,33,Operations,1,3134.0,8,2,10.5,Yes,4.0,1,1,4,4,No
E10459,54,R&D,4,8252.0,16,2,3.3,Yes,1.0,3,1,3,5,No
E11238,25,R&D,1,3243.0,18,15,6.2,No,4.0,2,1,3,4,No
E10601,22,Operations,1,2879.0,5,3,21.4,Yes,3.0,4,3,3,3,No
E11229,31,Operations,3,5723.0,2,2,1.5,Yes,1.0,3,4,3,2,No
E10873,38,HR,2,3769.0,17,7,29.3,No,3.0,2,4,3,0,No
E11036,53,Marketing,2,3847.0,5,0,2.0,No,4.0,3,2,3,0,Yes
E10853,28,R&D,2,4300.0,5,0,7.3,Yes,1.0,4,3,3,5,No
E10461,50,Marketing,1,2525.0,5,3,8.7,No,2.0,1,3,3,3,No
E10030,34,HR,2,4399.0,18,0,17.1,No,3.0,4,1,3,2,No
E10834,44,Sales,3,5755.0,9,2,16.3,Yes,3.0,1,2,3,3,No
E10798,29,HR,1,2456.0,17,9,13.2,No,1.0,3,3,3,4,No
E11171,50,Operations,2,3702.0,17,17,1.4,No,3.0,1,3,3,2,Yes
E11048,36,R&D,2,4881.0,8,1,35.6,Yes,2.0,2,3,3,5,No
E11112,35,Sales,4,10016.0,12,2,2.6,Yes,1.0,2,4,3,3,Yes
E10669,42,Sales,2,3813.0,11,5,1.5,No,3.0,1,3,4,5,No
E11116,25,HR,2,3768.0,0,0,1.6,No,1.0,2,3,3,3,No
E11490,44,Finance,1,3306.0,15,15,7.7,Yes,2.0,1,1,3,3,Yes
E11439,42,Operations,1,2985.0,18,10,1.3,No,3.0,1,1,3,0,No
E10922,49,Sales,2,4418.0,0,0,1.1,No,,4,3,3,0,No
E10236,29,Operations,2,4307.0,19,12,1.1,No,3.0,3,1,3,1,No
E11180,30,Sales,3,5605.0,10,0,3.6,No,2.0,3,3,3,5,No
E10857,33,R&D,1,3339.0,6,4,13.9,No,1.0,1,2,3,2,No
E10582,28,Finance,3,5908.0,15,0,15.2,No,4.0,3,3,3,2,No
E11391,31,HR,2,4065.0,0,0,1.7,No,2.0,1,2,4,4,No
E11371,33,R&D,2,3884.0,3,2,32.0,No,4.0,4,1,3,1,No
E11493,44,Marketing,3,6950.0,12,2,6.0,No,2.0,1,4,4,0,No
E10331,41,Sales,2,4528.0,18,14,5.3,No,4.0,2,2,3,5,No
E10482,30,R&D,4,8827.0,10,2,13.5,Yes,4.0,4,1,3,2,No
E10943,35,R&D,1,3156.0,8,2,12.9,No,3.0,1,4,3,4,Yes
E11204,29,Operations,1,3200.0,5,4,10.0,No,4.0,3,4,3,1,No
E10692,50,Operations,3,6399.0,18,8,14.0,No,,1,3,3,0,No
E11359,58,Finance,3,5889.0,16,2,5.9,No,4.0,4,2,3,4,No
E11067,58,R&D,1,3163.0,15,4,3.5,Yes,2.0,4,4,4,0,No
E11243,23,R&D,1,3120.0,12,10,2.3,No,,1,4,3,1,Yes
E11058,24,Sales,2,5025.0,1,0,1.0,Yes,1.0,1,2,3,3,Yes
E11008,53,Finance,1,2407.0,12,6,3.8,No,3.0,4,3,3,4,No
E10515,43,Sales,2,4413.0,0,0,2.0,Yes,1.0,3,1,4,0,Yes
E11136,45,Sales,3,5776.0,0,0,6.9,No,2.0,2,3,4,4,No
E11248,59,Operations,2,4384.0,0,0,6.1,No,3.0,3,3,3,0,No
E10189,46,Finance,2,3643.0,3,3,17.0,No,1.0,4,4,3,5,No
E10202,46,R&D,2,4745.0,5,2,11.7,No,4.0,4,4,3,2,No
E11407,36,Sales,1,3228.0,1,0,2.5,No,3.0,1,1,4,5,No
E11323,42,Sales,1,2755.0,1,1,5.2,No,4.0,1,4,3,2,Yes
E10567,33,Marketing,3,6237.0,18,0,5.2,No,3.0,4,1,3,4,No
E10707,41,R&D,3,5559.0,18,12,12.0,Yes,3.0,1,1,3,5,No
E10074,23,Marketing,3,5165.0,1,1,2.9,No,3.0,1,2,3,3,No
E11253,30,Operations,2,3789.0,16,5,6.4,No,3.0,2,3,4,0,Yes
E10042,26,Sales,1,2551.0,19,12,10.5,No,3.0,3,1,4,3,No
E10786,22,Sales,3,6067.0,2,1,7.1,No,4.0,4,4,3,4,No
E10878,57,R&D,2,4039.0,11,5,1.2,Yes,2.0,2,3,3,5,No
E10682,21,Finance,1,2837.0,15,10,1.6,No,4.0,2,2,3,1,No
E10323,52,Sales,1,2412.0,9,4,12.8,Yes,4.0,4,1,3,3,No
E10398,40,Marketing,1,3214.0,9,4,1.6,No,2.0,2,1,4,3,Yes
E10367,26,Marketing,1,2822.0,19,7,5.3,No,4.0,4,1,3,3,No
E11283,44,Sales,2,4575.0,10,6,2.2,No,4.0,3,2,3,3,No
E10791,51,R&D,1,3141.0,16,7,7.1,Yes,3.0,3,3,3,5,Yes
E11309,51,HR,3,5887.0,8,3,5.2,Yes,4.0,4,2,3,1,Yes
E10105,23,Sales,1,2915.0,19,13,20.9,No,1.0,4,2,4,3,No
E10802,22,Sales,2,4742.0,18,6,3.5,No,3.0,2,3,4,4,No
E10930,22,Sales,1,3151.0,18,13,20.8,No,2.0,3,3,3,5,Yes
E10539,35,R&D,1,3255.0,7,3,17.2,Yes,1.0,4,3,3,1,Yes
E10287,52,Sales,1,2936.0,19,16,23.2,Yes,4.0,1,3,3,1,Yes
E11457,28,Sales,1,2750.0,13,8,7.4,Yes,4.0,1,4,3,0,Yes
E11286,25,R&D,3,6625.0,16,2,4.1,Yes,3.0,2,4,3,5,No
E10605,30,Marketing,5,11828.0,15,11,30.2,No,2.0,3,2,3,5,No
E11066,55,Operations,2,4725.0,1,1,,No,3.0,2,1,4,3,Yes
E10229,45,Sales,1,2979.0,0,0,1.6,Yes,4.0,1,1,3,5,No
E10568,42,Sales,3,5890.0,5,4,10.3,No,4.0,3,3,3,3,No
E10321,32,Finance,3,5724.0,10,4,10.1,Yes,1.0,4,3,3,2,No
E10390,46,Finance,5,11951.0,12,4,13.5,No,3.0,3,3,3,1,No
E10573,36,Sales,3,6520.0,12,2,8.3,Yes,2.0,1,4,3,5,No
E10090,45,R&D,3,5216.0,11,9,3.1,No,4.0,2,3,3,0,Yes
E10907,29,R&D,2,4467.0,18,18,15.6,No,4.0,1,2,3,2,No
E10558,30,Sales,3,6554.0,8,2,9.9,No,1.0,4,4,3,5,No
E10077,56,Finance,1,3131.0,8,7,6.7,Yes,4.0,1,2,3,1,No
E10363,50,Finance,1,3197.0,17,4,,No,4.0,4,3,3,3,No
E10083,28,Sales,2,4579.0,7,5,5.3,Yes,4.0,2,1,3,5,No
E10125,39,Operations,3,6591.0,4,1,6.0,No,4.0,1,4,3,5,No
E10724,25,R&D,2,3632.0,11,2,26.1,No,1.0,3,1,4,2,No
E10629,37,Operations,1,3144.0,6,3,1.2,Yes,2.0,1,4,3,1,Yes
E10079,29,Marketing,1,2496.0,5,5,6.6,No,4.0,2,2,3,2,Yes
E10963,33,Operations,2,3625.0,12,11,5.5,Yes,2.0,3,2,3,3,No
E10841,45,Sales,2,4212.0,7,7,5.0,No,2.0,3,1,3,4,No
E11401,54,R&D,2,4407.0,10,1,32.2,No,4.0,4,1,3,3,No
E10364,28,Sales,1,2528.0,13,5,19.6,No,1.0,1,1,3,1,No
E11485,27,HR,3,6312.0,5,5,15.2,No,1.0,4,3,3,3,No
E10525,38,R&D,4,9773.0,12,12,1.1,No,2.0,4,1,4,1,Yes
E10306,43,R&D,2,4319.0,19,8,5.1,No,4.0,2,1,3,3,Yes
E10463,38,Marketing,1,3294.0,6,5,43.5,No,4.0,3,4,3,5,No
E10214,45,HR,1,3216.0,6,1,2.3,No,4.0,2,1,3,0,No
E11350,57,Sales,1,3223.0,13,13,7.8,No,1.0,1,4,3,2,No
E10670,35,Sales,5,13333.0,18,16,16.3,No,4.0,1,2,3,0,No
E10281,26,Sales,5,11694.0,2,1,6.8,Yes,4.0,4,4,3,4,No
E10944,49,HR,4,7753.0,3,1,2.2,No,3.0,4,4,3,4,No
E10418,31,R&D,2,4927.0,16,10,16.6,No,1.0,2,2,4,0,Yes
E11326,24,Finance,1,2482.0,1,0,5.9,No,4.0,1,1,3,2,No
E10918,33,HR,3,6311.0,16,12,2.1,No,2.0,3,4,3,4,No
E11061,54,Operations,4,9563.0,10,7,22.4,Yes,3.0,2,1,3,5,No
E11100,27,R&D,4,8388.0,4,3,13.9,No,4.0,4,3,3,0,No
E11187,31,R&D,2,4420.0,19,4,10.5,No,3.0,3,4,4,3,No
E11271,59,Marketing,1,2930.0,5,5,5.3,No,2.0,2,2,3,3,Yes
E10828,26,Sales,1,2694.0,2,2,1.3,No,1.0,4,2,3,3,Yes
E10018,59,HR,1,3258.0,1,0,2.0,No,4.0,3,3,3,3,No
E11291,21,Sales,2,4169.0,6,5,1.8,No,4.0,1,1,4,3,No
E10310,47,Operations,1,2472.0,16,6,6.4,Yes,1.0,4,3,3,3,No
E10654,47,Sales,3,5628.0,12,0,8.8,No,3.0,4,3,3,1,No
E10523,56,Finance,2,4017.0,18,3,1.1,Yes,1.0,4,2,3,5,No
E10896,49,Sales,4,9458.0,8,6,9.8,No,2.0,3,4,3,1,No
E10581,43,Sales,1,2785.0,19,7,13.5,No,2.0,4,2,3,0,Yes
E10952,37,Operations,3,5636.0,19,1,8.5,No,3.0,3,4,4,5,No
E10852,58,Operations,2,5005.0,0,0,11.3,No,3.0,3,2,3,2,No
E11357,32,R&D,1,2764.0,14,1,2.0,No,2.0,3,3,3,3,No
E10991,56,Sales,2,4298.0,11,6,3.3,No,3.0,4,2,3,3,No
E11343,58,Operations,1,2664.0,0,0,12.6,Yes,4.0,1,3,4,4,No
E10774,53,Marketing,1,3348.0,18,10,5.2,Yes,,4,1,3,2,No
E10880,55,Finance,1,2418.0,16,11,2.6,No,4.0,1,4,3,5,No
E11316,33,Operations,2,4882.0,11,10,14.8,Yes,4.0,4,1,3,2,No
E10904,44,R&D,2,4796.0,7,0,3.1,No,3.0,2,2,3,4,No
E11140,45,R&D,3,6846.0,10,3,6.3,No,4.0,4,1,4,5,Yes
E10036,57,Sales,1,3153.0,7,4,3.2,No,1.0,2,4,4,5,No
E10580,51,Sales,1,2866.0,6,0,1.4,Yes,1.0,1,4,3,1,No
E10775,48,Operations,1,3092.0,13,6,2.1,No,2.0,4,2,3,5,No
E10755,36,Operations,2,3764.0,2,1,8.1,No,4.0,2,1,3,5,Yes
E11240,44,Sales,1,2489.0,8,2,5.4,No,4.0,2,4,3,2,No
E10262,43,Finance,2,4459.0,18,13,9.2,No,1.0,2,4,4,5,No
E10073,47,Marketing,2,4132.0,12,12,12.8,No,3.0,2,4,3,5,No
E10766,30,R&D,1,2596.0,3,1,6.2,No,2.0,1,1,3,2,Yes
E11379,45,R&D,2,4656.0,15,10,23.1,No,4.0,3,4,3,5,Yes
E11221,46,Marketing,2,4653.0,19,17,20.5,No,2.0,2,3,3,1,Yes
E11000,27,R&D,1,3284.0,11,7,1.8,Yes,4.0,4,1,3,1,No
E10986,27,R&D,1,2652.0,7,1,8.0,No,1.0,4,3,3,2,Yes
E10679,46,Sales,3,6005.0,10,9,4.8,Yes,1.0,3,2,3,1,Yes
E10740,55,Sales,2,4942.0,9,8,7.0,No,3.0,4,1,3,0,No
E10751,35,R&D,1,3106.0,17,15,58.7,Yes,1.0,4,4,4,1,Yes
E10340,24,Marketing,1,2702.0,4,1,4.3,No,2.0,2,4,3,0,Yes
E10062,47,Sales,2,4273.0,12,11,25.8,No,4.0,4,1,4,5,No
E10585,56,Marketing,3,5668.0,18,12,1.7,No,1.0,1,2,3,3,No
E10840,49,Sales,3,6036.0,17,16,11.0,No,2.0,1,3,3,5,No
E11159,57,Marketing,4,7455.0,4,3,12.3,No,1.0,3,1,4,0,No
E10916,53,Operations,2,3899.0,18,2,3.0,No,2.0,2,1,3,5,No
E10078,59,Sales,1,2899.0,4,1,1.5,Yes,2.0,1,1,3,4,Yes
E11040,44,HR,2,4521.0,15,14,5.1,No,1.0,3,3,4,1,No
E10872,25,Finance,2,3641.0,14,2,18.1,No,3.0,3,2,3,4,No
E10484,53,Marketing,2,3706.0,10,0,3.1,Yes,1.0,1,2,3,0,No
E11480,24,Finance,3,6251.0,17,6,14.3,No,2.0,2,2,3,3,Yes
E10193,51,Operations,2,4137.0,0,0,12.2,Yes,1.0,2,3,4,0,Yes
E10716,35,Marketing,1,2965.0,9,1,12.5,No,4.0,1,2,3,2,No
E11019,33,Sales,3,5110.0,6,4,8.7,No,4.0,1,3,3,0,No
E10517,24,R&D,3,6885.0,19,9,14.7,No,3.0,3,2,3,1,No
E11231,27,Operations,2,4745.0,14,14,10.3,Yes,3.0,1,4,3,2,Yes
E10833,41,Operations,3,5744.0,17,2,2.0,No,4.0,4,1,3,5,Yes
E10701,37,Operations,2,4956.0,16,10,25.7,Yes,2.0,2,4,3,5,No
E10395,55,R&D,3,6759.0,4,0,4.9,No,2.0,2,4,3,0,Yes
E10452,55,R&D,1,2569.0,10,9,7.6,No,1.0,1,3,3,3,No
E11277,50,Sales,2,4658.0,6,4,1.5,No,1.0,4,1,3,3,No
E11432,46,R&D,2,4450.0,5,1,1.5,Yes,2.0,1,4,3,0,No
E10546,28,Sales,4,9482.0,8,1,2.8,No,4.0,4,3,3,2,No
E10721,47,Operations,3,6987.0,13,2,1.8,No,1.0,4,1,3,2,No
E10867,40,R&D,1,3045.0,12,1,2.5,No,2.0,2,1,3,1,Yes
E10307,32,Operations,1,3154.0,1,0,6.4,Yes,3.0,1,4,4,5,No
E11456,23,HR,5,11557.0,0,0,8.2,Yes,1.0,2,4,4,0,Yes
E10949,49,R&D,2,4926.0,19,6,24.3,No,3.0,3,2,3,0,No
E10194,43,Operations,3,5250.0,7,5,15.0,No,2.0,3,3,3,4,No
E11412,24,Sales,2,4517.0,4,3,3.5,No,4.0,4,3,3,2,No
E10337,24,Marketing,1,2550.0,13,2,8.7,No,1.0,1,1,3,2,Yes
E10180,59,Operations,1,3227.0,6,0,14.6,Yes,4.0,4,2,4,0,No
E11285,32,Sales,3,6033.0,16,3,13.3,No,,1,3,4,4,No
E11329,34,R&D,1,2624.0,14,12,20.5,No,1.0,4,4,3,5,Yes
E11173,28,Sales,1,2409.0,12,8,4.4,No,3.0,2,1,3,3,Yes
E11041,47,Sales,5,12998.0,12,4,4.9,Yes,3.0,4,4,3,4,No
E11191,34,Marketing,1,3257.0,10,4,1.5,No,4.0,3,3,4,0,Yes
E10277,52,Sales,2,4168.0,10,7,11.7,No,1.0,4,1,3,5,No
E11209,29,Sales,3,5229.0,10,2,12.6,No,4.0,2,2,3,2,No
E10839,26,Operations,2,4863.0,12,3,22.9,No,2.0,3,3,3,1,No
E10014,42,HR,5,10273.0,0,0,1.3,No,3.0,4,4,3,2,No
E10945,45,R&D,1,2804.0,18,13,2.7,No,2.0,4,1,3,0,Yes
E10715,22,Sales,2,4203.0,1,0,4.1,No,2.0,4,1,3,0,Yes
E11089,45,Operations,1,2420.0,2,1,,No,3.0,4,1,4,0,No
E10249,33,R&D,2,3970.0,19,14,2.0,Yes,1.0,2,3,3,2,Yes
E10414,50,Sales,2,3637.0,10,4,1.6,Yes,,3,2,4,0,No
E10783,28,Operations,1,2655.0,5,2,10.1,No,2.0,1,2,4,4,Yes
E11486,29,Marketing,3,5738.0,14,4,2.0,No,4.0,2,4,3,4,No
E10554,48,Operations,2,4537.0,16,11,10.2,Yes,3.0,4,1,3,1,No
E10304,32,Operations,1,3135.0,15,7,3.2,No,1.0,4,4,4,1,No
E10995,41,Sales,1,3325.0,14,14,16.2,Yes,1.0,2,4,3,0,Yes
E10257,33,R&D,2,4601.0,18,13,6.5,Yes,2.0,3,2,3,2,No
E11483,22,Sales,1,3334.0,5,5,14.6,No,4.0,1,2,3,4,No
E10695,25,Marketing,1,3300.0,13,2,7.8,No,2.0,4,1,4,3,No
E10997,47,Sales,2,4049.0,18,11,1.5,Yes,3.0,2,2,3,5,No
E10811,39,HR,1,3276.0,19,1,5.1,No,3.0,2,1,3,0,No
E10506,32,HR,1,2933.0,12,8,18.6,No,1.0,4,3,3,2,Yes
E11477,36,Operations,3,5645.0,3,2,2.9,Yes,2.0,4,1,3,3,No
E11340,31,HR,3,5985.0,15,12,12.4,No,1.0,2,2,3,2,No
E11441,29,R&D,3,5297.0,5,1,1.7,No,3.0,3,1,3,2,No
E10632,30,R&D,3,5399.0,10,0,7.5,No,3.0,1,1,3,5,Yes
E11106,47,Marketing,1,3327.0,18,7,13.1,Yes,2.0,2,2,3,4,Yes
E10106,40,R&D,3,5458.0,14,8,25.1,Yes,3.0,1,1,3,5,No
E10625,41,R&D,1,2702.0,6,5,,Yes,1.0,4,4,3,0,Yes
E11266,33,Sales,1,2729.0,16,7,12.9,Yes,4.0,4,2,3,2,No
E11092,55,Sales,1,3045.0,11,9,9.1,Yes,3.0,4,3,3,2,No
E10392,40,Sales,5,14282.0,2,2,3.8,No,3.0,1,1,3,3,No
E10131,28,Finance,2,5037.0,15,13,2.3,No,3.0,1,2,4,3,No
E11059,45,Sales,3,6020.0,6,2,16.0,Yes,4.0,4,1,3,0,No
E11301,37,Sales,1,3325.0,4,3,18.7,No,1.0,4,2,3,5,No
E11023,38,R&D,1,2429.0,4,1,8.8,Yes,1.0,2,1,3,4,Yes
E10137,55,Finance,4,8558.0,3,3,6.8,No,4.0,4,4,3,4,Yes
E11016,24,R&D,1,3057.0,1,1,15.6,No,4.0,3,2,3,2,No
E10168,57,R&D,1,2861.0,16,6,2.6,No,1.0,3,1,3,2,No
E10889,59,R&D,1,3077.0,13,2,11.4,No,1.0,3,1,3,2,No
E11313,31,R&D,1,2512.0,13,8,3.6,No,4.0,2,1,3,5,No
E10850,31,Sales,3,7177.0,13,7,6.5,Yes,4.0,2,2,3,0,No
E11354,57,Sales,2,4155.0,14,13,12.6,No,3.0,2,4,3,4,Yes
E11090,26,R&D,2,4794.0,2,1,4.1,No,4.0,3,3,4,0,Yes
E11330,33,R&D,1,2814.0,11,11,24.9,No,2.0,4,2,3,3,No
E11230,45,Sales,1,2524.0,9,2,3.7,Yes,1.0,3,1,4,4,No
E11178,57,Sales,1,3246.0,7,5,1.2,No,3.0,3,2,4,1,No
E10294,46,R&D,1,2577.0,9,9,3.1,No,2.0,2,2,3,5,Yes
E10220,58,Operations,4,7918.0,0,0,4.0,Yes,3.0,4,2,3,1,No
E10477,40,R&D,1,3136.0,18,6,14.7,No,1.0,3,3,3,2,No
E11322,50,R&D,2,3580.0,2,1,7.8,Yes,4.0,2,4,3,0,No
E10968,35,Operations,3,5293.0,19,1,2.8,No,4.0,4,4,3,3,No
E11181,42,Marketing,5,12408.0,0,0,15.8,No,3.0,1,1,3,0,Yes
E10800,50,Sales,3,5573.0,6,5,3.5,No,2.0,2,2,3,3,No
E10671,45,HR,3,5466.0,12,5,10.1,No,2.0,4,1,3,3,No
E10181,30,Operations,5,12229.0,18,13,8.2,No,,3,4,3,1,No
E11275,43,R&D,1,3284.0,13,8,7.4,No,2.0,3,1,4,3,Yes
E10472,56,HR,1,2994.0,10,1,16.4,Yes,4.0,2,1,3,3,No
E10641,23,Operations,2,4430.0,17,5,3.4,No,1.0,2,4,3,4,No
E10962,55,Sales,1,3200.0,5,0,8.8,Yes,2.0,4,3,3,2,No
E10493,22,Finance,2,4775.0,9,8,8.3,Yes,1.0,3,2,3,1,No
E10053,30,Marketing,3,6292.0,16,11,9.3,No,3.0,1,1,3,3,No
E10282,50,R&D,1,3326.0,14,8,25.7,No,3.0,4,2,3,2,Yes
E10522,43,Sales,4,9905.0,4,0,3.6,Yes,2.0,1,4,3,1,No
E10597,36,Sales,4,9119.0,4,1,6.9,No,1.0,2,4,3,1,No
E10428,34,Marketing,1,2526.0,8,4,12.9,No,4.0,2,3,3,0,No
E10416,28,Finance,2,4859.0,16,14,9.6,No,3.0,3,3,3,4,Yes
E11466,58,Sales,3,5363.0,1,1,10.0,No,2.0,2,2,3,3,No
E10381,43,Marketing,1,2693.0,7,5,7.2,No,1.0,1,4,3,2,No
E11007,32,Sales,2,3696.0,9,1,8.6,Yes,4.0,3,4,3,3,No
E11452,22,R&D,1,2840.0,12,8,3.8,No,4.0,3,3,3,2,No
E10295,31,Operations,3,6595.0,12,2,6.8,Yes,2.0,1,3,3,0,No
E10595,41,Operations,4,8213.0,18,12,6.9,Yes,2.0,1,2,3,3,No
E11362,53,R&D,5,13219.0,13,1,6.5,No,4.0,3,2,3,5,No
E10993,30,Sales,1,2427.0,3,3,2.3,No,4.0,2,2,3,1,No
E11162,59,Sales,2,4988.0,10,9,10.7,No,3.0,3,2,3,3,No
E10803,47,Finance,1,2603.0,0,0,56.9,No,1.0,4,2,3,3,No
E11151,44,Sales,2,4190.0,8,4,3.0,No,2.0,2,3,4,2,No
E10851,58,Marketing,3,6939.0,12,10,2.8,No,2.0,1,3,3,1,Yes
E11436,57,R&D,1,3235.0,16,11,,No,2.0,4,3,4,1,Yes
E10481,23,Operations,3,5540.0,9,6,5.9,Yes,4.0,4,3,3,5,No
E10324,45,Sales,2,3838.0,4,4,5.1,No,3.0,2,2,4,2,No
E10278,58,Sales,2,4673.0,10,5,16.2,Yes,3.0,4,4,3,2,No
E10167,34,Sales,3,7011.0,0,0,8.3,No,2.0,3,2,4,0,Yes
E11233,39,Marketing,5,10339.0,14,10,2.1,No,1.0,1,4,3,1,No
E10651,55,Finance,1,2564.0,5,4,4.4,No,3.0,3,3,3,1,No
E10776,38,Operations,2,3609.0,15,1,13.1,Yes,1.0,3,3,4,5,No
E10184,32,R&D,3,6768.0,7,4,9.8,No,1.0,4,4,3,1,Yes
E10734,39,Sales,2,3634.0,0,0,14.4,No,4.0,2,1,4,1,No
E11265,28,R&D,1,3051.0,12,10,25.6,No,4.0,4,1,3,3,No
E10503,55,Operations,4,7378.0,4,2,3.8,Yes,2.0,3,2,3,2,Yes
E10961,29,Sales,2,4090.0,5,4,2.9,No,3.0,2,4,3,2,No
E10093,34,R&D,1,3053.0,2,2,2.8,Yes,1.0,4,4,4,4,No
E11312,34,R&D,2,4659.0,8,5,1.7,No,4.0,3,1,3,4,No
E10681,38,HR,1,3341.0,16,7,7.0,No,3.0,3,3,3,2,No
E10219,26,Operations,2,4454.0,0,0,7.4,No,4.0,3,3,4,3,No
E11408,39,Finance,3,5224.0,7,3,12.0,No,4.0,3,2,3,0,No
E11055,55,Finance,1,2856.0,8,4,2.4,Yes,2.0,3,3,4,4,No
E10130,59,R&D,2,4824.0,9,1,1.2,No,2.0,2,4,3,0,No
E11167,24,Sales,5,11981.0,2,0,27.7,Yes,3.0,1,1,3,3,Yes
E11497,24,Operations,1,3062.0,3,3,7.3,No,4.0,4,4,3,3,No
E11458,45,Finance,2,5026.0,15,15,2.2,No,2.0,2,3,3,4,Yes
E10114,57,Operations,1,3239.0,17,13,2.8,Yes,2.0,1,1,3,1,No
E10822,38,Marketing,3,5291.0,8,3,8.7,No,3.0,3,2,3,0,No
E10886,27,R&D,1,3076.0,8,3,4.6,Yes,1.0,3,3,3,5,No
E11468,46,R&D,1,2914.0,1,0,2.0,Yes,3.0,2,4,3,1,No
E11308,37,Marketing,5,12198.0,5,5,25.1,No,3.0,2,2,3,2,No
E10931,29,Sales,1,2789.0,5,3,7.0,No,1.0,1,3,4,4,Yes
E11268,45,Marketing,2,3658.0,1,1,24.2,No,4.0,4,2,3,3,No
E10926,33,R&D,2,4008.0,14,1,11.2,No,,2,3,3,4,No
E10054,44,Sales,3,6254.0,6,5,3.9,No,3.0,3,1,3,0,No
E11423,56,R&D,4,8649.0,6,5,8.8,No,3.0,2,3,3,3,No
E10449,29,Marketing,2,4100.0,17,12,5.4,No,3.0,4,2,3,0,No
E10594,57,Marketing,3,5644.0,6,5,3.5,Yes,1.0,3,2,3,1,No
E11255,47,Sales,2,4123.0,2,0,10.6,Yes,1.0,2,3,4,5,Yes
E10901,49,Sales,3,6428.0,14,7,22.1,No,2.0,3,4,3,5,No
E10838,38,Operations,2,4437.0,9,5,2.0,No,2.0,2,4,3,1,No
E10789,55,HR,1,2526.0,16,13,10.7,No,3.0,2,1,3,1,No
E11360,26,Marketing,1,2866.0,4,4,4.3,Yes,3.0,3,2,3,5,No
E10446,51,Sales,2,4577.0,12,1,18.4,No,1.0,1,1,3,5,No
E10123,53,Finance,2,4340.0,12,3,7.1,No,3.0,2,2,3,4,No
E10111,43,Sales,2,4429.0,14,6,6.1,No,4.0,3,2,3,1,No
E10213,35,Sales,3,5848.0,10,8,4.6,No,2.0,2,2,3,4,No
E11392,22,Operations,1,2705.0,5,0,2.1,No,4.0,2,4,3,0,Yes
E10064,21,Sales,2,4670.0,11,4,5.9,No,3.0,3,2,3,0,No
E10039,42,Sales,1,2463.0,17,1,23.2,No,2.0,3,2,3,5,Yes
E11428,34,R&D,1,3132.0,4,4,7.6,No,4.0,1,2,3,3,No
E10208,27,Operations,1,2668.0,11,0,1.7,Yes,3.0,3,1,3,4,No
E11020,54,Operations,5,14105.0,11,8,1.7,Yes,1.0,1,3,3,3,No
E10911,47,Marketing,1,2430.0,17,5,1.0,No,1.0,2,1,3,0,No
E10771,32,Operations,3,5190.0,4,0,2.1,No,4.0,4,2,3,3,No
E10928,42,Sales,1,3184.0,10,5,1.0,No,2.0,4,3,3,3,No
E11085,39,Operations,1,3178.0,3,2,15.9,Yes,4.0,1,4,3,1,No
E11290,22,Marketing,4,9071.0,1,0,16.6,No,1.0,4,1,3,3,No
E10192,55,R&D,2,4857.0,18,9,25.9,No,2.0,2,3,4,2,Yes
E11098,50,Marketing,5,11456.0,0,0,1.7,No,2.0,4,2,4,0,No
E10474,29,Operations,2,3582.0,10,10,14.8,Yes,1.0,2,4,4,2,No
E10203,38,HR,3,5932.0,2,0,10.3,No,4.0,1,2,3,5,No
E10024,38,HR,4,8286.0,6,4,11.9,Yes,4.0,4,4,4,4,No
E10007,22,R&D,2,3615.0,14,10,17.8,No,3.0,2,4,4,4,Yes
E10643,25,Marketing,3,6266.0,11,9,24.7,No,2.0,3,3,3,5,No
E10060,51,HR,2,4602.0,5,4,7.3,No,4.0,1,3,4,2,Yes
E11249,47,Sales,3,6030.0,9,6,7.2,No,4.0,2,3,3,2,Yes
E10475,35,R&D,3,5621.0,8,0,3.4,No,2.0,4,2,3,5,No
E11101,57,R&D,3,6913.0,17,3,12.9,No,3.0,4,2,3,4,Yes
E11245,37,Sales,4,9879.0,14,14,3.6,No,2.0,2,3,3,4,No
E11438,21,Marketing,2,3651.0,12,2,21.1,No,3.0,2,1,3,3,No
E11226,36,Operations,1,2525.0,7,6,26.0,Yes,4.0,3,2,3,2,No
E10117,24,Operations,2,4989.0,18,17,3.4,No,1.0,1,4,3,3,No
E10057,54,R&D,4,8380.0,4,0,20.8,No,4.0,3,1,3,1,No
E11211,27,Sales,2,3695.0,6,0,19.9,No,2.0,2,4,3,5,Yes
E10556,58,Sales,1,2840.0,18,9,15.5,No,3.0,3,4,3,2,No
E10101,38,Sales,2,5020.0,1,1,5.0,No,,2,1,3,0,Yes
E10451,48,Sales,1,3148.0,17,6,1.9,No,1.0,3,1,4,4,No
E10948,40,Sales,2,4846.0,3,2,3.2,No,2.0,4,1,3,4,No
E10743,29,Operations,1,3316.0,11,5,3.1,No,1.0,1,2,3,3,Yes
E11370,28,Finance,3,6401.0,1,1,3.4,Yes,4.0,2,2,3,0,Yes
E11217,29,R&D,1,2913.0,3,2,10.2,Yes,4.0,1,2,3,1,Yes
E10858,39,Operations,2,4157.0,1,1,1.3,Yes,4.0,1,3,3,3,Yes
E10806,31,R&D,2,4595.0,1,1,11.2,No,3.0,3,1,3,0,No
E11254,55,Sales,2,3710.0,8,3,4.6,No,4.0,2,3,4,4,No
E11393,27,Sales,1,2500.0,19,2,15.9,No,4.0,1,1,3,4,Yes
E10685,55,Sales,1,2498.0,18,5,1.3,No,,3,4,3,2,Yes
E10080,44,R&D,2,4127.0,10,8,5.0,No,1.0,1,4,4,5,Yes
E11203,25,Marketing,5,12467.0,11,4,10.6,No,3.0,3,2,3,4,No
E10212,23,HR,3,5818.0,11,6,7.0,Yes,1.0,4,3,4,3,No
E10520,30,Sales,1,3120.0,8,0,6.0,No,4.0,1,2,3,3,No
E10384,31,Marketing,1,2973.0,19,14,3.4,No,4.0,3,3,3,5,No
E10583,41,R&D,5,10586.0,7,1,9.4,No,1.0,4,4,3,0,No
E10108,28,R&D,2,4767.0,13,7,6.7,No,4.0,4,1,4,1,No
E11409,52,R&D,1,2935.0,1,1,5.7,Yes,2.0,2,3,4,4,No
E10541,28,R&D,1,3166.0,7,2,15.7,Yes,3.0,3,4,3,1,No
E10359,46,Sales,3,6006.0,10,9,13.9,No,2.0,3,2,3,4,No
E10176,25,R&D,1,3148.0,3,3,9.3,Yes,3.0,4,4,3,1,No
E10351,45,Operations,1,2911.0,8,1,11.6,No,4.0,4,1,3,3,No
E11332,24,Sales,2,4195.0,3,2,13.5,No,4.0,4,3,3,1,No
E11192,32,Operations,4,7855.0,2,2,4.4,No,2.0,1,2,3,3,Yes
E11071,24,HR,1,2757.0,0,0,2.8,Yes,2.0,4,4,3,0,Yes
E10760,26,Sales,2,3727.0,15,6,5.6,Yes,4.0,1,2,3,2,No
E10423,26,R&D,2,3697.0,8,4,8.0,No,3.0,4,2,4,3,No
E10490,54,R&D,5,12709.0,1,1,10.3,No,1.0,2,3,4,3,No
E10045,42,HR,1,2416.0,18,0,,Yes,3.0,3,4,3,3,No
E10159,33,Operations,1,2450.0,18,15,37.9,Yes,2.0,3,3,3,1,Yes
E10266,56,R&D,1,2868.0,17,0,3.8,No,1.0,2,4,3,1,Yes
E10320,35,R&D,2,3989.0,4,4,7.6,Yes,2.0,3,2,3,3,No
E10592,54,R&D,2,4527.0,6,3,6.0,No,3.0,3,4,3,5,Yes
E10623,44,Operations,3,6543.0,18,11,5.6,Yes,1.0,4,1,3,4,No
E10854,47,Sales,3,6411.0,12,12,17.1,No,1.0,3,4,3,3,No
E10081,22,Marketing,1,3149.0,1,0,23.3,No,1.0,4,3,3,0,No
E10268,47,R&D,2,4357.0,7,1,15.4,No,4.0,3,4,3,4,No
E11235,54,Finance,2,4882.0,4,0,1.7,Yes,2.0,2,1,3,0,Yes
E10267,42,Sales,1,2951.0,8,7,3.4,No,3.0,4,1,3,0,Yes
E10097,27,R&D,5,10669.0,11,8,12.4,No,1.0,3,4,3,2,No
E10142,41,R&D,4,8501.0,11,11,14.7,No,4.0,4,2,3,4,No
E10942,35,R&D,3,6439.0,7,4,16.7,No,2.0,2,4,3,5,Yes
E10530,26,Sales,4,8668.0,8,8,3.5,No,2.0,3,4,3,2,No
E10378,28,Sales,1,2462.0,11,0,9.0,No,1.0,1,4,4,4,Yes
E10061,39,Marketing,1,2863.0,2,2,12.8,No,2.0,1,4,3,2,Yes
E11473,33,HR,2,4484.0,6,3,3.8,No,1.0,2,4,3,3,Yes
E10781,27,Operations,5,12534.0,7,6,3.6,No,1.0,2,3,3,1,No
E11094,52,HR,4,7693.0,13,0,20.4,Yes,2.0,3,3,4,3,Yes
E10861,44,R&D,1,2701.0,1,0,12.8,Yes,1.0,3,4,4,4,Yes
E11421,31,Operations,4,7329.0,2,2,6.2,Yes,1.0,3,2,3,1,No
E10022,26,Sales,5,12578.0,14,13,6.8,Yes,3.0,1,4,3,1,No
E10628,21,Operations,1,2663.0,3,2,17.7,No,1.0,4,2,4,4,Yes
E11193,48,R&D,1,3061.0,1,0,5.6,No,3.0,3,4,3,3,No
E10773,35,R&D,1,3165.0,12,9,4.8,No,2.0,2,3,4,0,Yes
E10383,23,R&D,1,2842.0,12,1,2.7,No,2.0,3,1,3,3,No
E10348,52,Sales,2,4426.0,5,5,2.0,Yes,1.0,2,1,4,0,Yes
E11126,48,HR,3,7189.0,1,0,12.5,No,,4,2,3,2,No
E10350,32,Operations,2,4189.0,4,0,41.9,No,2.0,3,1,3,3,Yes
E10657,43,Sales,2,4862.0,10,2,1.8,Yes,4.0,2,1,3,0,No
E10434,52,Marketing,2,4748.0,18,10,9.5,Yes,1.0,4,2,3,1,No
E10687,50,Sales,1,2718.0,3,1,1.5,Yes,4.0,4,3,3,5,No
E10216,42,R&D,1,2511.0,12,8,5.4,No,1.0,3,1,3,3,Yes
E11064,26,R&D,2,3707.0,3,3,13.4,Yes,2.0,2,4,3,4,No
E10387,52,Sales,3,6782.0,6,6,6.1,No,3.0,1,3,3,4,No
E10177,23,R&D,1,2696.0,9,8,3.5,Yes,3.0,4,2,3,0,No
E11176,48,Finance,1,2472.0,4,0,5.5,No,2.0,2,3,3,2,No
E10714,25,R&D,3,5310.0,16,0,2.8,No,1.0,4,4,3,0,No
E10458,24,HR,4,10043.0,2,1,4.9,No,2.0,3,3,3,2,Yes
E10864,56,HR,1,2598.0,6,1,6.7,No,2.0,2,2,3,0,Yes
E11396,40,R&D,1,2772.0,13,7,2.6,No,1.0,1,3,3,0,Yes
E10003,40,Sales,3,6566.0,11,1,1.2,No,4.0,2,2,3,0,No
E10263,25,Sales,1,2875.0,14,3,2.9,Yes,4.0,1,4,3,1,Yes
E10432,57,Sales,2,4181.0,16,13,4.5,Yes,1.0,1,2,3,1,Yes
E10491,22,Marketing,2,4850.0,1,1,2.5,No,1.0,1,1,3,2,Yes
E10504,34,R&D,1,2931.0,16,7,4.6,No,2.0,3,1,3,5,Yes
E10970,47,Sales,2,4517.0,0,0,5.9,Yes,3.0,4,1,3,5,No
E10646,22,Marketing,2,3729.0,15,8,10.2,No,2.0,4,1,4,5,No
E10763,31,Marketing,1,2686.0,16,8,3.4,Yes,3.0,1,1,3,4,Yes
E10397,25,Marketing,2,3730.0,18,13,2.7,No,3.0,2,3,3,5,Yes
E11015,51,R&D,4,8650.0,2,1,9.8,No,1.0,4,3,4,5,No
E11328,38,HR,2,3638.0,12,10,6.7,Yes,4.0,1,3,4,5,Yes
E10444,57,Operations,1,2574.0,11,4,6.9,No,1.0,4,4,3,1,No
E10536,22,Operations,1,2627.0,12,0,4.7,Yes,4.0,3,2,3,2,No
E10752,45,Sales,4,9523.0,5,5,15.9,Yes,1.0,2,1,4,5,Yes
E10200,27,Finance,1,3202.0,18,14,5.4,No,1.0,2,1,3,5,Yes
E10201,26,Operations,3,6361.0,3,0,13.9,Yes,3.0,3,4,3,4,No
E11348,43,HR,4,7512.0,6,2,10.1,Yes,1.0,2,2,3,3,No
E11038,58,Operations,2,4540.0,1,1,8.8,Yes,,1,3,3,4,Yes
E10563,57,R&D,2,4579.0,5,4,42.5,No,2.0,1,1,3,5,No
E10882,31,Sales,4,9811.0,4,0,19.9,No,1.0,3,4,3,3,Yes
E10768,42,R&D,1,2414.0,15,14,2.7,No,4.0,4,4,3,3,No
E10699,28,Sales,5,13122.0,11,11,7.3,Yes,1.0,1,3,3,1,Yes
E10507,36,Sales,1,2792.0,17,11,11.9,No,3.0,4,4,4,3,No
E11213,23,R&D,3,6989.0,8,4,1.6,No,1.0,3,2,3,4,No
E10471,24,Marketing,4,8241.0,8,4,7.8,Yes,4.0,3,4,3,2,No
E10032,30,Marketing,3,5151.0,3,1,2.6,No,2.0,3,1,3,4,No
E10271,56,R&D,1,2903.0,0,0,5.5,Yes,1.0,3,1,3,1,Yes
E10407,38,Operations,1,3095.0,6,6,15.2,No,1.0,1,2,3,5,Yes
E10903,38,Marketing,3,6130.0,14,3,,No,1.0,4,1,3,4,No
E10820,36,HR,3,6208.0,15,14,5.9,No,1.0,3,4,3,2,No
E10470,53,Marketing,2,3856.0,13,9,7.0,No,1.0,3,3,3,4,No
E11025,27,R&D,1,3116.0,17,12,21.9,No,2.0,2,4,3,0,Yes
E10910,25,Sales,1,2932.0,14,11,17.5,Yes,4.0,1,1,3,1,No
E11400,36,Operations,3,5805.0,17,16,6.2,No,1.0,4,2,3,5,Yes
E10382,32,Operations,4,7373.0,10,4,3.5,Yes,1.0,3,2,3,1,No
E10274,53,HR,1,2952.0,3,0,7.2,No,2.0,3,4,3,5,No
E11017,56,HR,1,3247.0,0,0,1.6,Yes,2.0,1,1,3,1,Yes
E10006,48,Operations,3,6608.0,15,14,1.8,No,1.0,1,3,3,1,Yes
E10900,27,R&D,1,2918.0,17,1,14.0,No,2.0,1,1,4,4,No
E11028,21,HR,1,2960.0,19,4,11.4,No,3.0,2,3,4,3,No
E11451,22,R&D,1,2873.0,11,8,3.5,Yes,2.0,2,4,4,0,No
E10210,42,Marketing,1,2803.0,13,1,4.9,Yes,1.0,4,2,3,4,Yes
E10122,21,Marketing,2,4575.0,5,2,16.5,No,3.0,2,1,3,3,Yes
E11358,46,Sales,2,3671.0,1,0,6.5,Yes,2.0,1,4,3,4,Yes
E10825,36,Sales,2,4457.0,11,8,4.9,No,4.0,4,3,3,1,No
E10001,26,R&D,1,3147.0,11,9,20.8,Yes,4.0,1,1,3,5,Yes
E10813,48,R&D,1,2841.0,4,2,7.6,Yes,2.0,4,1,3,1,Yes
E11148,36,Sales,2,4777.0,1,1,6.1,No,3.0,2,2,4,1,No
E11088,28,HR,1,2535.0,1,0,1.4,No,3.0,3,4,3,2,No
E10940,33,Operations,1,2900.0,18,9,3.3,No,1.0,2,3,3,4,Yes
E10311,44,Sales,4,9239.0,0,0,7.6,No,3.0,3,1,3,3,No
E10234,41,Marketing,1,2572.0,3,2,8.1,No,3.0,4,4,3,4,No
E10100,24,R&D,1,2715.0,9,1,1.6,No,2.0,2,2,3,3,No
E10318,57,Marketing,2,4561.0,16,13,10.5,No,4.0,3,3,3,0,No
E10338,45,Marketing,3,6636.0,3,3,13.3,No,2.0,3,4,3,3,No
E10403,24,Operations,2,4372.0,1,0,25.7,No,4.0,2,3,3,2,Yes
E10389,48,Operations,3,5371.0,3,2,9.1,No,3.0,3,3,3,4,No
E10103,47,R&D,1,2629.0,16,8,3.6,No,4.0,1,2,3,0,Yes
E10196,39,R&D,1,2607.0,4,1,9.8,No,2.0,4,2,3,0,Yes
E11177,39,Finance,1,2858.0,8,1,33.5,No,4.0,4,1,3,5,No
E10590,57,Sales,4,7356.0,17,10,8.2,Yes,4.0,2,1,3,0,Yes
E10941,57,R&D,1,3009.0,14,4,10.8,No,3.0,3,3,3,5,No
E10621,21,Finance,4,9812.0,13,13,2.8,No,1.0,3,4,3,3,No
E10134,26,Sales,1,3119.0,10,2,20.8,No,2.0,2,2,3,3,No
E11222,42,Operations,2,4038.0,12,8,22.9,Yes,2.0,1,4,3,3,No
E10700,53,Sales,3,5699.0,13,1,9.3,No,1.0,3,4,4,2,No
E10410,31,Operations,4,9400.0,10,2,6.7,No,3.0,1,2,3,1,No
E10298,34,HR,2,4767.0,6,5,35.7,Yes,2.0,1,1,3,0,Yes
E11224,33,Sales,1,3098.0,9,7,1.2,No,2.0,4,1,3,5,No
E10668,50,Finance,2,5017.0,11,8,3.5,Yes,3.0,3,2,3,2,Yes
E10464,45,Operations,2,3603.0,13,6,7.9,No,1.0,1,3,3,0,No
E10599,36,R&D,1,2964.0,17,7,9.6,No,2.0,1,1,3,0,Yes
E10551,40,HR,3,5768.0,5,3,5.9,No,4.0,1,2,3,3,Yes
E10160,39,Marketing,3,5404.0,9,6,2.7,No,2.0,1,1,3,4,No
E10635,22,Sales,3,5133.0,16,12,1.3,No,1.0,2,3,3,5,No
E11183,38,Sales,1,3017.0,8,5,1.6,Yes,4.0,3,3,4,2,No
E11475,43,R&D,2,4239.0,9,7,1.9,No,3.0,1,1,3,5,No
E11279,48,Operations,3,6538.0,5,2,9.9,No,,2,3,3,0,No
E10614,24,R&D,2,4809.0,14,14,1.8,Yes,4.0,4,4,3,5,Yes
E11129,56,R&D,4,9601.0,5,1,4.0,No,4.0,4,1,3,1,No
E11462,46,HR,2,3572.0,8,4,22.6,No,4.0,1,1,3,3,No
E10235,24,R&D,2,4023.0,4,0,5.3,Yes,4.0,1,2,3,0,No
E11333,39,R&D,2,3708.0,16,11,20.7,No,4.0,3,3,3,5,No
E10085,34,Sales,5,10986.0,15,8,24.0,No,4.0,4,4,3,2,No
E10365,36,R&D,1,2718.0,19,17,4.3,No,2.0,2,2,3,4,Yes
E11406,46,R&D,2,4885.0,17,16,3.4,Yes,3.0,2,2,3,4,Yes
E10232,21,Operations,2,4369.0,8,6,4.9,No,2.0,3,4,3,1,No
E11009,59,Operations,4,8804.0,16,6,6.7,Yes,1.0,2,4,3,2,Yes
E10371,47,Finance,3,5531.0,9,7,3.0,No,4.0,1,1,3,0,No
E10016,50,Sales,3,6393.0,0,0,23.3,Yes,2.0,2,1,3,2,No
E11368,34,Sales,4,9084.0,4,2,4.8,Yes,2.0,4,3,3,1,No
E11070,29,Finance,2,4733.0,15,12,6.2,No,4.0,2,3,3,3,No
E10572,42,Sales,3,5426.0,8,0,1.9,No,1.0,4,1,3,2,Yes
E10344,40,Sales,4,7271.0,6,2,45.8,Yes,4.0,2,1,3,0,No
E10129,49,Sales,1,2679.0,16,12,1.3,No,4.0,4,4,3,1,No
E10269,58,HR,3,7151.0,17,12,1.5,No,4.0,2,1,3,0,Yes
E10613,38,R&D,3,7145.0,12,10,5.4,No,1.0,2,3,3,4,Yes
E11380,59,Marketing,3,6054.0,6,5,2.3,No,3.0,1,4,4,5,Yes
E10094,55,R&D,1,3140.0,6,1,5.1,No,4.0,2,1,4,1,No
E11239,28,HR,3,5957.0,12,4,5.8,No,3.0,2,1,3,1,No
E11410,32,Operations,2,4768.0,1,0,5.9,No,,1,4,3,3,No
E10627,54,R&D,4,8424.0,3,1,14.0,No,1.0,3,3,3,2,No
E10195,57,Sales,2,4321.0,7,0,5.3,No,3.0,4,2,3,2,No
E11296,32,Sales,3,5468.0,1,1,17.9,No,3.0,2,3,3,3,No
E10242,45,Operations,1,2614.0,12,10,33.3,No,1.0,3,3,3,3,Yes
E10881,58,HR,1,3085.0,11,1,4.2,No,2.0,3,1,3,5,No
E11103,27,R&D,3,7038.0,4,3,11.3,No,1.0,2,4,3,5,No
E11487,30,Sales,2,4554.0,9,2,10.3,No,3.0,2,1,3,2,No
E10043,28,R&D,1,2578.0,1,1,33.9,No,3.0,3,3,3,1,Yes
E10801,43,HR,2,4777.0,5,5,5.4,No,2.0,4,2,3,4,Yes
E11044,27,Sales,1,2591.0,12,7,4.5,No,2.0,3,1,3,4,No
E10205,51,Sales,3,5783.0,11,4,24.6,Yes,2.0,3,2,3,5,No
E11278,53,Sales,4,8174.0,10,1,4.3,No,2.0,2,2,3,1,No
E10792,56,Marketing,2,4466.0,7,7,4.5,Yes,2.0,3,1,3,4,No
E10361,34,Sales,3,6606.0,16,6,7.2,No,4.0,1,4,3,4,No
E10091,48,Finance,2,3592.0,1,0,4.0,Yes,,4,1,3,1,No
E11174,56,Finance,1,2985.0,11,8,5.3,No,4.0,3,4,3,1,No
E11209,29,Sales,3,5229.0,10,2,12.6,No,4.0,2,2,3,2,No
E10082,27,R&D,3,5830.0,5,0,3.0,No,1.0,4,3,3,3,Yes
E11111,53,Sales,1,2720.0,5,3,13.6,No,2.0,1,1,3,0,No
E11261,56,Sales,4,10021.0,16,6,6.6,No,1.0,4,2,3,2,No
E11165,43,Sales,1,2648.0,16,5,18.3,No,,3,2,3,2,Yes
E11234,38,Sales,1,2432.0,0,0,6.1,No,1.0,3,1,3,0,Yes
E10339,33,Marketing,3,7170.0,18,14,13.9,No,1.0,4,3,3,0,No
E11212,58,Sales,1,2873.0,7,4,4.1,Yes,1.0,2,3,3,4,No
E11063,48,Marketing,2,3896.0,13,3,6.4,No,1.0,1,1,3,4,Yes
E10733,30,Sales,1,3117.0,17,5,7.3,No,2.0,1,4,4,4,Yes
E10096,32,Operations,1,3241.0,8,8,1.9,No,1.0,3,4,3,0,Yes
E10084,38,HR,1,2690.0,5,3,4.1,No,2.0,2,4,3,0,No
E10817,54,Finance,3,5145.0,5,3,10.6,No,4.0,1,2,3,5,Yes
E10756,44,Sales,1,2517.0,1,0,3.3,No,4.0,1,3,3,3,No
E10702,54,R&D,2,4349.0,12,12,5.2,No,4.0,2,4,4,5,Yes
E10762,40,Marketing,4,9164.0,19,18,9.2,Yes,1.0,2,4,3,2,No
E11449,49,HR,1,2728.0,7,4,5.1,Yes,2.0,1,3,3,2,No
E10314,51,R&D,5,13189.0,18,0,9.8,No,3.0,1,3,3,0,No
E10884,24,R&D,1,3007.0,7,7,22.1,Yes,4.0,3,2,4,3,No
E10778,45,Marketing,1,3214.0,0,0,11.7,No,4.0,4,3,3,5,No
E10710,48,Finance,2,3995.0,2,0,4.6,Yes,4.0,2,4,3,4,No
E10619,27,Operations,2,4780.0,19,16,16.3,Yes,3.0,2,4,3,2,No
E11013,43,R&D,3,5615.0,5,1,2.6,No,1.0,2,2,3,3,Yes
E10633,21,Sales,2,4937.0,18,12,2.4,Yes,4.0,4,3,4,0,No
E10555,58,Sales,1,3104.0,7,6,11.4,Yes,4.0,3,2,3,4,No
E11196,27,Finance,3,6486.0,19,11,4.3,No,1.0,1,4,3,2,Yes
E10197,26,Operations,3,6356.0,17,4,27.3,No,1.0,1,1,4,0,Yes
E11403,43,Finance,1,3081.0,5,2,14.4,No,1.0,2,2,3,1,No
E10851,58,Marketing,3,6939.0,12,10,2.8,No,2.0,1,3,3,1,Yes
E11375,22,Marketing,1,2624.0,4,4,4.2,Yes,1.0,3,1,3,0,Yes
E10978,42,Operations,4,8478.0,5,1,9.3,Yes,4.0,3,3,3,4,Yes
E10784,24,R&D,3,5723.0,1,0,1.5,Yes,1.0,3,2,3,0,No
E10140,37,Operations,3,5291.0,0,0,20.8,No,2.0,4,4,3,1,No
E10914,51,Operations,1,3332.0,19,5,10.9,Yes,4.0,4,2,4,0,No
E10048,59,R&D,1,2533.0,1,0,4.0,No,3.0,1,3,3,4,No
E11051,55,HR,2,4303.0,13,12,5.8,No,1.0,2,4,4,1,Yes
E10950,37,Operations,1,3321.0,11,2,2.6,No,3.0,3,1,3,4,No
E11120,25,R&D,1,3132.0,13,5,8.0,No,4.0,1,3,4,1,No
E10769,55,R&D,2,3646.0,0,0,4.4,No,2.0,3,2,3,1,No
E10241,22,R&D,2,4745.0,8,4,2.7,No,3.0,3,3,4,0,No
E10028,54,Sales,3,5892.0,8,2,2.1,No,4.0,3,1,3,0,Yes
E11402,40,Finance,3,6762.0,17,2,4.4,No,1.0,4,3,3,4,No
E11424,55,Operations,1,2571.0,17,11,4.6,No,2.0,1,2,4,1,Yes
E11084,49,Operations,1,3080.0,9,7,3.1,No,3.0,3,1,3,3,No
E10012,42,Sales,2,3577.0,13,5,18.4,Yes,4.0,2,4,3,0,No
E11386,22,Operations,3,6284.0,12,12,12.6,Yes,1.0,1,4,3,3,No
E11045,40,R&D,1,2516.0,12,7,12.6,No,1.0,4,3,3,1,No
E11093,55,R&D,3,6187.0,9,5,4.2,No,2.0,4,3,3,3,Yes
E10985,49,Operations,4,9696.0,12,5,5.0,Yes,1.0,4,4,3,1,Yes
E10173,50,Marketing,2,4568.0,13,2,3.7,No,1.0,1,1,3,1,Yes
E11062,58,Sales,1,2796.0,16,13,1.3,Yes,3.0,1,1,3,2,Yes
E11325,42,HR,1,2640.0,15,0,5.1,No,4.0,1,2,3,2,No
E10469,58,R&D,1,2441.0,6,1,2.7,No,3.0,2,3,3,2,No
E10272,36,Marketing,3,6396.0,4,3,,No,2.0,4,4,4,5,Yes
E10899,48,Operations,2,4220.0,17,6,15.0,No,4.0,2,4,3,0,No
E10673,50,Sales,2,4593.0,9,2,14.9,No,4.0,1,2,4,0,No
E11373,25,Sales,3,6645.0,11,0,1.3,Yes,3.0,3,1,3,1,No
E10069,37,Sales,3,6790.0,0,0,,No,3.0,2,3,3,1,No
E11047,52,R&D,3,5649.0,6,1,4.6,Yes,4.0,2,2,3,1,No
E10856,54,Sales,2,4292.0,19,14,14.3,No,4.0,1,4,4,2,No
E11363,49,Marketing,2,4044.0,4,4,36.0,No,4.0,1,2,3,1,No
E10329,47,Sales,2,4214.0,0,0,4.0,Yes,4.0,2,3,3,3,No
E10606,21,Sales,3,5800.0,13,1,2.6,No,4.0,1,4,3,2,No
E10386,54,Operations,1,3225.0,15,2,16.7,No,4.0,3,4,3,5,No
E10561,27,Sales,1,3324.0,4,4,18.6,No,4.0,2,3,3,0,No
E10302,22,Sales,2,4550.0,0,0,3.6,No,3.0,3,4,4,2,No
E11385,31,Marketing,2,5032.0,13,7,,No,4.0,2,1,3,1,Yes
E11349,55,Sales,1,2624.0,14,0,1.5,Yes,,4,2,4,5,Yes
E11353,31,Marketing,1,2737.0,1,0,6.4,No,4.0,4,3,3,1,No
E11154,55,R&D,5,10825.0,19,19,9.0,Yes,3.0,1,4,4,2,No
E10346,43,Sales,2,4511.0,5,4,8.7,Yes,4.0,2,3,3,4,No
E11210,28,Sales,2,4608.0,4,1,6.0,No,4.0,3,2,3,0,No
E10355,50,R&D,3,5976.0,7,3,9.3,No,4.0,3,3,3,0,No
E10697,21,R&D,3,7063.0,12,3,30.2,No,1.0,2,2,3,1,No
E10847,53,Finance,1,2627.0,10,1,4.4,No,4.0,2,4,3,0,No
E10622,59,Sales,4,7791.0,6,1,3.0,Yes,3.0,2,1,3,5,No
E11161,45,R&D,2,5034.0,10,6,3.6,No,4.0,2,2,3,2,Yes
E10528,29,R&D,1,2605.0,19,8,14.7,No,2.0,3,3,3,1,Yes
E10796,54,Marketing,1,2786.0,9,2,16.8,No,4.0,2,1,3,0,No
E10217,59,Marketing,1,2526.0,5,5,1.7,No,4.0,1,1,3,4,No
E10603,52,Finance,1,2554.0,17,4,3.7,No,1.0,4,3,3,1,No
E10924,36,Operations,1,2686.0,3,3,12.2,No,1.0,1,1,3,2,Yes
E11022,25,Operations,1,3093.0,12,5,6.9,No,2.0,2,3,3,5,Yes
E10883,33,R&D,2,3840.0,7,3,2.4,Yes,3.0,4,4,3,3,No
E10453,42,Sales,1,2801.0,1,1,7.3,Yes,4.0,4,1,3,4,No
E10510,47,Operations,3,7157.0,10,4,2.8,No,1.0,2,1,3,1,No
E10415,45,Sales,2,4826.0,2,2,3.6,No,1.0,1,2,3,2,Yes
E11228,38,R&D,1,3295.0,13,6,4.0,No,2.0,2,1,3,5,Yes
E10807,34,Sales,4,8867.0,5,1,1.3,No,1.0,2,1,4,2,No
E10688,31,Finance,3,5173.0,6,3,5.0,Yes,4.0,3,2,4,5,No
E10835,52,R&D,1,3116.0,17,8,16.7,No,3.0,3,2,3,2,No
E10529,56,HR,3,6802.0,14,7,5.9,No,2.0,1,4,3,3,Yes
E11345,35,Sales,2,4391.0,15,9,4.2,No,3.0,1,1,3,0,Yes
E10843,45,R&D,4,9964.0,9,0,2.7,No,3.0,4,4,3,1,Yes
E10327,42,Operations,3,6814.0,0,0,2.1,No,3.0,4,4,3,1,No
E10532,48,HR,3,5963.0,9,7,1.5,No,2.0,1,1,3,2,Yes
E10915,56,Finance,4,7332.0,17,7,18.5,No,4.0,4,2,3,2,No
E10400,53,Sales,1,3009.0,2,1,5.3,Yes,4.0,4,4,3,0,No
E11065,45,R&D,3,5237.0,14,2,14.5,No,2.0,1,4,3,1,No
E10938,50,Sales,1,3342.0,14,13,13.1,No,2.0,2,2,3,4,No
E11295,48,Sales,4,9322.0,6,5,3.2,No,,4,2,3,2,No
E10648,44,Sales,1,2804.0,3,0,6.2,No,1.0,4,1,3,3,No
E10199,45,Sales,2,4410.0,6,6,2.4,Yes,4.0,4,4,3,0,No
E11372,23,Sales,1,3005.0,19,1,42.3,No,1.0,4,4,3,0,No
E11399,36,Operations,1,3168.0,3,2,13.4,No,,4,2,3,2,No
E11247,35,Marketing,2,4634.0,17,3,11.5,Yes,1.0,3,1,3,2,No
E10480,50,R&D,3,5110.0,13,0,12.9,No,2.0,1,4,3,1,No
E10514,33,R&D,1,3104.0,16,4,1.5,No,4.0,4,2,4,2,No
E11317,25,R&D,1,3343.0,5,5,28.0,Yes,4.0,1,1,3,2,Yes
E11365,48,R&D,2,4505.0,8,8,2.1,Yes,1.0,1,1,3,5,No
E10639,29,Finance,2,3911.0,16,6,5.4,No,1.0,1,4,3,5,No
E10182,27,Sales,2,4262.0,10,7,5.0,Yes,4.0,1,2,3,2,No
E11206,57,R&D,1,3193.0,12,4,3.0,Yes,4.0,4,1,3,5,No
E10933,35,R&D,1,2875.0,2,2,2.0,Yes,4.0,1,2,3,3,No
E10894,43,R&D,1,2839.0,1,1,4.3,No,1.0,1,1,3,2,No
E10185,49,HR,2,4285.0,11,0,5.6,No,3.0,1,3,3,3,No
E10531,54,Finance,1,2661.0,15,15,4.4,No,4.0,1,1,3,2,Yes
E11156,52,Marketing,3,6428.0,12,5,1.6,No,4.0,2,2,4,4,No
E10689,57,Operations,4,7441.0,9,2,3.3,No,3.0,3,4,3,0,No
E10745,32,Operations,3,7036.0,19,17,4.8,No,4.0,1,3,3,5,Yes
E10764,30,Operations,2,4188.0,15,13,11.1,Yes,4.0,3,2,3,4,No
E10845,26,Finance,3,5762.0,9,6,3.3,Yes,2.0,2,3,3,1,No
E11258,26,Sales,3,5928.0,13,7,6.1,Yes,2.0,3,3,3,1,No
E10485,36,Finance,2,4473.0,18,2,32.0,No,4.0,3,2,3,0,No
E10296,23,Sales,1,2491.0,1,1,1.7,No,1.0,4,4,3,5,No
E11043,59,Sales,2,3965.0,9,9,9.3,No,3.0,4,3,3,5,No
E10373,50,Sales,3,5337.0,11,1,16.6,Yes,4.0,1,3,3,0,No
E11004,21,R&D,1,2593.0,17,10,3.9,No,1.0,3,3,3,0,Yes
E10560,31,Marketing,3,6035.0,14,8,3.5,Yes,4.0,1,4,3,4,No
E10607,22,Sales,1,3339.0,14,1,16.4,No,2.0,4,2,3,4,Yes
E11496,23,Marketing,3,6700.0,4,2,4.3,No,1.0,1,1,4,0,Yes
E11447,47,Marketing,2,3604.0,8,1,7.7,No,4.0,3,4,3,0,No
E11418,48,R&D,4,7876.0,10,7,7.5,No,3.0,2,3,3,5,Yes
E10116,33,Operations,1,2952.0,14,6,13.7,No,1.0,2,2,3,1,Yes
E10148,35,HR,2,4537.0,16,14,1.5,No,1.0,4,1,4,0,No
E10821,35,Marketing,4,9571.0,11,0,1.1,No,2.0,3,3,3,3,Yes
E10797,55,Marketing,2,3699.0,8,1,6.2,No,3.0,4,4,3,0,No
E11429,29,Marketing,1,3178.0,13,4,15.6,Yes,2.0,3,4,3,0,No
E11270,21,Marketing,1,2454.0,11,8,5.8,No,2.0,3,1,3,1,No
E11241,22,R&D,2,4257.0,13,2,1.4,Yes,1.0,2,3,3,1,Yes
E11135,26,Marketing,3,5906.0,9,9,15.5,Yes,2.0,3,4,3,5,Yes
E10713,47,Operations,1,3064.0,13,2,1.2,No,3.0,1,1,3,0,No
E11455,50,Operations,4,8648.0,16,13,1.5,No,4.0,4,1,3,4,No
E10037,52,R&D,3,6564.0,8,8,7.3,No,4.0,4,1,3,2,No
E11142,22,R&D,2,4910.0,14,2,5.9,No,2.0,1,4,3,2,Yes
E11257,43,R&D,2,4456.0,10,7,11.1,No,4.0,2,2,3,5,No
E10335,59,R&D,1,2808.0,3,3,9.0,No,,2,2,3,5,No
E10023,40,HR,2,4058.0,10,8,8.9,Yes,2.0,1,2,3,2,No
E11282,46,Sales,3,6637.0,7,5,16.3,No,4.0,3,1,3,2,No
E10602,23,Marketing,1,2448.0,0,0,5.6,No,2.0,3,4,3,5,Yes
E10844,29,R&D,2,4801.0,5,2,12.7,No,4.0,1,2,3,4,No
E10876,58,Sales,1,3163.0,0,0,33.8,No,4.0,2,3,3,2,No
E10540,33,R&D,2,4481.0,15,0,11.1,No,3.0,3,4,4,2,No
E11467,56,Operations,3,5622.0,17,11,7.4,No,1.0,1,4,3,0,No
E10207,55,Operations,4,9817.0,8,5,1.8,No,4.0,4,1,3,5,No
E10143,28,Operations,2,4203.0,7,3,4.2,No,2.0,3,2,3,5,No
E11105,31,Marketing,3,6600.0,7,2,3.3,No,1.0,4,1,3,1,No
E10569,27,R&D,2,4736.0,5,3,34.3,No,3.0,2,1,3,1,No
E11464,31,Sales,2,4469.0,7,0,4.6,No,,1,1,4,3,No
E10121,21,Operations,4,7317.0,5,5,1.4,No,1.0,2,1,3,2,Yes
E10977,21,Finance,3,5892.0,14,0,10.3,No,2.0,4,1,3,2,No
E10454,26,R&D,3,5309.0,18,8,4.7,Yes,4.0,2,2,3,0,No
E10494,45,Operations,4,7300.0,12,9,28.9,Yes,1.0,4,4,3,2,No
E11050,33,Sales,1,2921.0,3,1,7.8,Yes,3.0,2,4,3,5,No
E10500,28,Finance,2,4103.0,17,17,23.5,Yes,2.0,2,2,3,0,Yes
E10754,49,Operations,2,3927.0,13,9,11.8,No,1.0,2,4,3,3,No
E10992,29,Finance,2,4595.0,10,2,4.6,No,2.0,4,1,4,5,Yes
E10396,41,Operations,1,2921.0,12,11,2.1,No,2.0,2,1,3,0,Yes
E11405,44,R&D,2,4326.0,13,4,5.0,No,3.0,4,3,3,5,No
E10589,57,Finance,2,4600.0,4,1,4.5,No,1.0,3,4,3,1,No
E11463,43,Sales,1,2578.0,10,1,6.0,No,1.0,3,3,3,5,No
E10795,26,Sales,1,3088.0,0,0,6.4,No,2.0,3,3,3,0,No
E10647,34,R&D,2,3593.0,9,6,2.0,Yes,2.0,4,1,4,1,No
E11342,30,Marketing,1,2515.0,2,1,2.8,No,3.0,3,1,3,0,Yes
E11242,58,Finance,2,4466.0,3,1,1.6,Yes,3.0,4,1,3,0,No
E11320,57,R&D,2,3975.0,7,0,,No,2.0,1,3,3,1,No
E11012,53,Finance,1,2425.0,4,4,1.6,No,2.0,2,4,3,0,Yes
E10972,38,Operations,2,4527.0,7,7,2.6,Yes,2.0,4,3,3,1,Yes
E10947,38,Sales,2,3597.0,12,8,7.4,Yes,1.0,1,3,3,3,Yes
E10912,28,Finance,2,4789.0,19,18,34.0,No,4.0,3,2,4,1,No
E10460,24,Sales,1,3162.0,19,5,12.7,Yes,3.0,4,4,3,5,No
E10284,52,R&D,2,4522.0,7,0,8.3,No,1.0,3,1,3,4,No
E11046,54,Operations,1,2507.0,0,0,43.4,Yes,4.0,4,1,3,4,No
E11251,24,Marketing,2,4879.0,0,0,1.1,No,3.0,3,4,3,0,No
E10720,29,Operations,3,6283.0,6,5,4.3,No,3.0,4,1,3,3,No
E11026,40,Sales,3,6409.0,17,15,1.0,Yes,1.0,2,1,3,2,Yes
E10548,33,Operations,4,7545.0,9,7,3.2,No,4.0,2,4,4,3,No
E11053,38,Finance,3,5128.0,0,0,1.4,Yes,3.0,2,1,3,1,No
E10498,23,Finance,2,4148.0,4,0,13.6,Yes,4.0,2,1,3,2,No
E10920,51,Marketing,1,2935.0,8,1,13.6,Yes,3.0,4,4,3,0,No
E11390,58,Marketing,3,5114.0,17,4,2.1,No,4.0,4,2,3,1,No
E11029,44,Operations,2,3642.0,3,0,10.6,No,4.0,3,2,3,5,No
E11305,44,Sales,3,6148.0,14,5,13.7,Yes,2.0,2,1,3,0,No
E11056,39,Operations,1,2845.0,6,2,1.9,Yes,1.0,2,4,3,0,Yes
E10421,40,Sales,1,2819.0,14,0,8.8,No,4.0,3,3,3,2,Yes
E10156,57,HR,3,7138.0,16,9,8.6,No,4.0,2,1,4,3,No
E10564,48,Finance,2,4616.0,11,5,2.6,No,1.0,3,2,3,1,No
E10519,46,R&D,2,3960.0,6,5,13.6,No,4.0,4,4,4,1,Yes
E10870,59,Marketing,1,2418.0,19,3,8.6,Yes,2.0,4,2,3,3,No
E11460,44,Operations,3,6889.0,15,6,9.9,No,3.0,3,4,3,2,No
E10610,31,R&D,2,4090.0,8,4,3.7,No,4.0,2,3,3,3,No
E10586,41,R&D,2,5006.0,13,6,2.1,No,4.0,3,4,3,1,Yes
E10259,36,R&D,1,3288.0,15,2,9.0,No,1.0,4,2,3,0,No
E10297,51,R&D,2,4631.0,5,3,7.0,No,3.0,4,3,3,1,No
E10553,38,Sales,5,13344.0,2,2,8.6,Yes,1.0,2,1,3,3,No
E11034,57,Marketing,3,6209.0,0,0,15.2,Yes,4.0,3,4,3,2,No
E10691,53,HR,2,4901.0,16,6,5.2,Yes,2.0,1,1,3,0,Yes
E11031,48,R&D,1,3325.0,3,0,11.8,Yes,2.0,3,3,3,0,No
E11232,43,HR,3,6693.0,6,6,21.3,Yes,2.0,1,2,3,5,Yes
E10842,39,Finance,3,6449.0,2,0,13.9,Yes,1.0,1,1,3,5,No
E10291,52,R&D,1,2383.0,6,0,1.0,Yes,2.0,4,2,4,4,No
E10927,27,Operations,3,5640.0,18,7,6.0,No,2.0,4,2,3,4,No
E11073,42,Sales,2,4128.0,4,0,3.2,Yes,2.0,1,1,3,0,No
E10686,57,Sales,1,2791.0,12,5,16.9,Yes,2.0,3,1,3,0,No
E10448,23,Sales,1,2984.0,6,3,14.7,No,4.0,3,2,3,4,No
E10052,49,Sales,2,4994.0,5,1,6.7,No,3.0,3,4,3,4,No
E10308,41,Operations,2,5010.0,6,1,2.8,No,3.0,3,1,3,4,No
E11339,32,R&D,1,3204.0,4,2,5.8,No,1.0,1,1,4,4,No
E10488,48,Finance,3,6619.0,3,2,1.6,No,1.0,3,3,4,4,Yes
E10591,52,Operations,5,12509.0,8,8,10.8,Yes,2.0,2,4,3,4,No
E10742,46,R&D,3,6724.0,9,3,20.4,No,2.0,4,2,4,2,No
E10959,32,R&D,1,3146.0,2,0,30.8,Yes,3.0,1,4,3,3,Yes
E10638,21,Operations,5,12646.0,12,8,1.5,No,3.0,4,4,3,4,No
E10119,27,R&D,2,3734.0,2,2,1.3,No,4.0,4,4,3,1,No
E11042,43,R&D,1,2874.0,18,15,1.5,Yes,2.0,4,1,3,5,No
E10000,26,Sales,5,12900.0,14,7,1.7,No,4.0,4,1,3,5,No
E10653,35,Sales,2,4733.0,10,4,3.6,Yes,1.0,4,4,3,4,No
E10086,49,Operations,3,7002.0,6,4,19.9,No,3.0,3,4,3,2,No
E10171,33,Operations,3,6493.0,14,13,1.3,Yes,4.0,3,4,3,4,No
E10865,33,Sales,2,4373.0,3,3,17.2,No,4.0,2,2,3,1,Yes
E10027,31,Finance,2,4039.0,11,9,4.8,Yes,4.0,3,1,3,2,No
E10785,50,HR,2,4980.0,4,1,2.8,No,4.0,4,4,3,4,No
E10746,34,Marketing,3,6730.0,18,11,1.6,No,3.0,2,1,3,2,No
E10748,26,Operations,1,2436.0,19,19,2.2,No,1.0,3,1,3,2,No
E10579,36,Sales,1,3149.0,18,18,16.8,No,2.0,2,1,4,0,Yes
E11276,48,R&D,3,5659.0,10,8,,Yes,1.0,1,3,3,0,Yes
E10552,24,Finance,1,2801.0,10,7,1.7,Yes,1.0,3,4,3,3,No
E11431,38,R&D,1,2909.0,8,4,4.2,Yes,3.0,3,4,3,5,No
E10935,25,R&D,3,5434.0,17,6,7.6,No,2.0,2,3,3,4,No
E11155,58,HR,1,3330.0,11,8,20.9,No,3.0,3,2,3,4,No
E10626,34,R&D,4,10060.0,17,16,9.4,Yes,4.0,1,2,3,0,No
E10565,40,Sales,1,2716.0,8,6,51.3,No,4.0,4,4,3,5,Yes
E11149,31,Finance,1,2432.0,6,6,2.6,No,2.0,2,4,3,2,Yes
E10009,26,Sales,3,6334.0,4,3,6.0,No,1.0,3,1,3,0,No
E11102,39,Operations,4,10034.0,18,14,7.9,No,1.0,1,2,3,5,Yes
E10913,39,Marketing,2,3988.0,14,4,10.3,No,3.0,2,3,4,1,No
E10808,59,Operations,1,3026.0,13,4,5.5,No,,2,2,3,3,No
E10543,32,R&D,2,3778.0,5,1,6.5,No,3.0,2,2,4,2,No
E11288,34,Marketing,3,6750.0,4,3,14.5,Yes,1.0,4,1,3,5,No
E10587,56,Sales,4,8358.0,14,6,15.5,Yes,2.0,1,1,3,4,No
E11078,58,Operations,2,4728.0,12,9,23.0,No,4.0,2,3,3,5,Yes
E10388,29,Marketing,1,2418.0,19,1,8.1,No,4.0,3,4,3,4,No
E11376,51,R&D,2,4916.0,9,0,6.5,Yes,2.0,1,3,3,1,No
E10250,40,Operations,3,7147.0,11,6,10.9,No,3.0,1,4,3,2,No
E10443,41,R&D,2,4892.0,19,11,2.9,No,3.0,1,2,3,2,Yes
E10165,57,R&D,2,3608.0,12,9,13.7,No,2.0,4,3,3,0,No
E10505,57,Sales,1,3074.0,15,8,18.7,No,3.0,1,4,3,5,No
E10264,24,Marketing,1,2920.0,9,8,10.8,Yes,4.0,4,1,3,0,No
E10051,44,Finance,4,9950.0,3,1,5.2,No,4.0,4,1,3,0,No
E10107,22,Sales,5,11673.0,8,4,34.4,No,3.0,3,1,3,2,No
E11083,38,Sales,1,2783.0,16,3,2.7,Yes,4.0,4,2,3,2,Yes
E10478,50,R&D,5,12214.0,11,9,7.7,No,2.0,3,4,3,3,No
E11264,31,Sales,2,4796.0,18,2,1.5,No,,2,1,3,0,No
E10499,56,Operations,2,4697.0,7,7,3.5,No,3.0,4,3,3,2,No
E11205,24,Sales,2,3975.0,1,1,18.5,No,4.0,3,3,3,0,No
E10859,46,Sales,2,4194.0,15,7,4.3,No,2.0,2,4,3,2,Yes
E10466,41,HR,1,3347.0,18,13,9.1,Yes,4.0,2,4,3,4,No
E10969,33,R&D,5,13551.0,18,17,6.3,No,4.0,1,4,4,0,No
E10711,23,Finance,1,2396.0,2,2,1.5,No,4.0,4,1,3,3,Yes
E11002,26,R&D,2,4466.0,17,2,1.6,No,4.0,3,3,4,0,No
E10749,33,Sales,3,6349.0,8,7,22.4,Yes,3.0,4,1,3,0,Yes
E10198,42,R&D,3,6799.0,1,0,2.9,No,4.0,1,1,3,0,No
E11080,42,HR,2,4493.0,10,6,14.8,No,1.0,1,2,3,2,Yes
E11303,27,Finance,1,3202.0,9,6,17.3,No,2.0,1,3,3,4,No
E11355,48,Finance,1,2705.0,11,0,7.2,No,1.0,2,1,3,1,No
E10190,56,Sales,3,5884.0,1,1,5.0,No,4.0,3,2,3,1,No
E11214,55,Operations,4,9473.0,19,14,1.2,No,1.0,2,1,3,4,No
E11246,51,HR,3,7166.0,17,9,15.4,No,1.0,1,1,4,1,No
E11138,48,R&D,3,5693.0,6,6,6.6,No,4.0,1,4,3,1,No
E10151,49,Sales,3,6082.0,5,2,12.1,No,1.0,4,2,3,3,No
E10187,42,Operations,2,3877.0,1,1,18.3,No,1.0,1,1,3,5,No
E11097,25,Sales,3,6128.0,17,15,2.5,Yes,1.0,1,3,3,3,Yes
E10729,31,Sales,1,2666.0,16,5,2.5,No,3.0,2,4,4,0,No
E10240,21,Operations,1,2568.0,8,7,1.9,Yes,2.0,2,1,3,5,No
E10145,24,R&D,5,13583.0,12,9,29.9,Yes,3.0,4,2,4,0,Yes
E10562,29,Operations,3,5382.0,5,0,8.1,No,1.0,4,3,3,3,No
E10255,26,Operations,1,2761.0,16,2,13.5,No,1.0,2,2,3,0,No
E10095,21,Operations,3,5871.0,7,4,3.5,No,3.0,1,4,3,3,Yes
E11395,38,R&D,1,3231.0,4,4,3.0,No,4.0,1,2,3,0,No
E11394,35,Sales,1,3200.0,1,0,2.1,No,4.0,1,2,3,5,Yes
E10412,53,Operations,4,8256.0,5,1,2.3,No,2.0,3,1,3,1,No
E11185,23,Sales,4,8600.0,9,3,6.7,No,1.0,1,3,3,4,No
E10426,32,Marketing,2,3883.0,9,3,6.3,No,1.0,2,3,3,4,No
E10243,25,Operations,4,8605.0,18,0,6.0,No,4.0,3,4,3,0,No
E10680,33,Sales,4,10173.0,3,3,1.4,No,4.0,1,1,3,0,No
E11440,21,Marketing,1,3219.0,8,5,1.4,Yes,2.0,2,4,3,2,Yes
E10343,22,HR,4,9415.0,12,8,12.2,No,2.0,4,3,3,3,No
E10954,33,Marketing,3,5756.0,7,3,10.3,No,4.0,4,4,3,3,No
E11346,39,Sales,2,4615.0,15,6,4.8,No,4.0,4,2,3,0,No
E11054,27,Marketing,1,2703.0,10,6,8.1,Yes,1.0,4,4,3,1,No
E11397,34,Finance,4,8329.0,16,4,32.2,Yes,1.0,2,3,3,4,Yes
E10456,32,Finance,2,4330.0,13,12,10.7,No,3.0,4,2,3,4,No
E10706,47,Operations,1,2594.0,2,1,7.0,No,3.0,3,1,3,2,No
E10056,55,R&D,3,5235.0,13,13,7.9,No,3.0,1,4,3,4,No
E10422,25,Operations,1,2857.0,14,6,1.8,Yes,3.0,4,2,3,5,No
E10149,32,Sales,2,4593.0,14,9,3.6,Yes,4.0,4,3,4,1,No
E10533,58,Sales,5,10213.0,12,7,10.6,No,4.0,4,2,4,5,No
E10183,53,R&D,2,3844.0,4,0,8.1,Yes,4.0,2,2,3,5,No
E11024,56,R&D,5,13335.0,12,5,7.7,No,1.0,3,4,3,5,No
E11411,40,HR,2,4144.0,9,1,2.7,Yes,2.0,4,4,3,5,No
E11150,27,HR,2,4510.0,3,2,1.5,Yes,1.0,4,3,4,5,No
E11318,52,Sales,1,2926.0,13,13,11.3,No,4.0,2,4,3,3,Yes
E11068,33,Sales,1,3212.0,0,0,5.1,Yes,2.0,1,4,3,5,Yes
E10946,30,R&D,1,2626.0,9,3,3.9,No,2.0,4,3,3,5,No
E11337,25,Sales,4,9257.0,16,0,3.4,Yes,3.0,4,1,3,1,No
E10951,52,Finance,3,6021.0,13,0,8.6,No,2.0,4,1,3,1,No
E10823,57,R&D,3,5970.0,11,1,5.9,No,4.0,3,2,3,1,No
E10109,53,Finance,1,2713.0,15,1,3.1,No,4.0,4,3,3,2,No
E11082,34,Operations,1,2508.0,17,15,2.0,No,1.0,2,3,3,2,No
E10393,40,R&D,3,7091.0,6,1,9.4,Yes,2.0,1,3,4,1,No
E10818,44,Marketing,1,2601.0,6,1,15.0,Yes,3.0,2,4,4,3,Yes
E10456,32,Finance,2,4330.0,13,12,10.7,No,3.0,4,2,3,4,No
E10360,54,Operations,1,2723.0,16,9,19.7,No,1.0,1,2,3,4,No
E10709,50,R&D,2,4219.0,18,15,1.8,Yes,2.0,4,1,3,3,Yes
E10439,22,Operations,5,13954.0,8,7,11.9,No,4.0,1,3,3,1,No
E10174,55,Sales,1,2473.0,7,4,1.5,No,3.0,2,4,3,4,No
E11146,31,Sales,1,2543.0,7,7,3.4,Yes,1.0,3,3,3,0,No
